-	/fruits	/fruits/shape	/fruits/texture	/fruits/position	/fruits/hairs	/fruits/colour	/fruits/apex	/fruits/apex/shape	/fruits/apex/texture	/fruits/apex/position	/fruits/apex/hairs	/fruits/dimensions (merged)	/fruits/dimensions (merged)/texture	/fruits/stigma	/fruits/stigma/shape	/fruits/stigma/hairs	/fruits/stigma/growth form	/habit	/habit/texture	/habit/hairs	/habit/growth form	/habit/height	/inflorescences	/inflorescences/shape	/inflorescences/position	/inflorescences/colour	/inflorescences/floral bracts	/inflorescences/floral bracts/shape	/inflorescences/floral bracts/margin type	/inflorescences/floral bracts/hairs	/inflorescences/floral bracts/colour	/inflorescences/growth form	/inflorescences/growth form/growth form	/inflorescences/peduncle	/inflorescences/peduncle/shape	/inflorescences/peduncle/hairs	/inflorescences/peduncle/colour	/inflorescences/peduncle/length	/inflorescences/position	/inflorescences/position/position	/inflorescences/position/colour	/inflorescences/rachises	/inflorescences/rachises/hairs	/inflorescences/rachises/colour	/inflorescences/spikes	/inflorescences/spikes/shape	/inflorescences/spikes/growth form	/inflorescences/spikes/colour	/inflorescences/spikes/length	/infructescences	/infructescences/growth form	/infructescences/colour	/infructescences/dimensions (merged)	/infructescences/dimensions (merged)/texture	/internodes	/internodes/hairs	/internodes/colour	/leaves	/leaves/blade	/leaves/blade/shape	/leaves/blade/texture	/leaves/blade/hairs	/leaves/blade/colour	/leaves/blade/apex	/leaves/blade/apex/shape	/leaves/blade/apex/hairs	/leaves/blade/base	/leaves/blade/base/shape	/leaves/blade/base/hairs	/leaves/blade/base/growth form	/leaves/blade/base/colour	/leaves/blade/base/differential distance	/leaves/blade/dimensions	/leaves/blade/dimensions/growth form	/leaves/blade/margins	/leaves/blade/margins/shape	/leaves/blade/shape	/leaves/blade/shape/shape	/leaves/blade/texture	/leaves/blade/texture/texture	/leaves/petiole	/leaves/petiole/texture	/leaves/petiole/position	/leaves/petiole/length	/leaves/veins	/stems	/stems/length	/habitat	/habitat/altitude			
PIPERACEAE  	Fruits small drupes or nuts.	0	0	0	0	0	-	0	0	0	0	0	0	0	0	0	0	Herbs, shrubs or treelets, sometimes scandent, rarely lianas. 	0	0	169	0	Inflorescences |, axillary, or leaf-opposed spikes with minute flowers, solitary or few together, or occasionally spikes arranged in panicles or umbels. 	0	1	0	-	0	0	0	0	0	0	0	0	0	0	0	56	56	0	-	0	0	-	0	0	0	0	-	0	0	0	0	0	0	0	Leaves simple, alternate, opposite or in whorls;      	-	0	0	0	0	-	0	0	-	0	0	0	0	0	0	0	0	0	0	0	0	0	0	0	0	0	0	0	0	-	0			
PEPEROMIA  	Fruits minute nuts or drupes (“berries”), (sub)basely or laterally attached, sessile or somewhat stipitate when mature, occasionally somewhat sunken in rachis, smooth or sticky, globose, ellipsoid or cylindrical,      	4306	586	23	0	0	apex obliquely scutellate or truncate, with or without a slender beak, 	4675	0	0	0	0	0	stigma apical, central or at base of beak.	0	0	0	Small epiphytic, epilithic, or terrestrial, succulent herbs, creeping, prostrate, hanging, ascending or erect. 	0	0	22	0	Inflorescences |, solitary or few together, occasionally paniculate; 	5413	0	0	floral bracts peltate, mainly rounded, glabrous, often glandular. 	6274	0	71	0	0	0	0	0	0	0	0	56	56	0	rachis glabrous (but hairy in P. tetraphylla); 	71	0	-	0	0	0	0	-	0	0	0	0	0	0	0	7	-	0	0	0	0	-	0	0	-	0	0	0	0	0	0	0	0	0	0	0	0	0	0	0	0	0	pinnately or palmately veined. 	0	0	-	0			
Peperomia alata 	Fruits laterally attached, globose-ovoid, reddish brown,      	4306	0	23	0	1705	apex oblique with subapical stigma.	4675	0	0	0	0	0	0	0	0	0	Epiphytic, epilithic or terrestrial, glabrous herb. 	0	71	0	0	Inflorescence |, single or few together, 	0	0	0	floral bracts rounded, glabrous, slightly glandular. 	6274	0	71	0	43	43	peduncle not slender, |, green; 	0	0	782	15.0	58	56	0	-	0	0	spike |, yellow; 	0	0	2486	140	-	0	0	0	0	internodes winged or ridged below nodes, green or reddish. 	0	782	Leaves alternate;      	blade |, green above, often reddish brown beneath, |, 	0	0	0	782	apex acuminate, 	124	0	base acute, glabrous; 	247	71	0	0	0	13	0	margin may be ciliate towards apex, 	0	5167	0	321	196	petiole |, deeply grooved or winged; 	0	0	30	5	Stem ascending, 	400	-	1700000			
Peperomia angustata 	Fruits basely attached, ovoid to globose, beaked, blackish, often verruculose,      	5290	0	0	0	143	apex obliquely scutellate, 	4675	0	0	0	0	0	stigma apical.	0	0	0	Terrestrial, epiphytic or epilithic herb, erect, creeping or ascending, rooting at nodes. 	0	0	43	0	Inflorescence single, 	0	0	0	floral bracts rounded to oblong, slightly glandular. 	6274	0	0	0	43	43	peduncle slender, |, glabrous or minutely pubescent, red; 	0	71	1705	30	56	56	0	-	0	0	spike |, moderately to densely flowered; 	0	0	1705	160	-	0	0	0	0	0	0	0	4	-	0	0	0	0	apex acute or acuminate, 	247	0	base acutish to cuneate, glabrous; 	2338	71	0	0	0	6	0	0	0	5905	5905	203	196	petiole |, glabrous; 	0	0	15.0	3	Stem glabrous, |, green or reddish. 	1000	in forests, 	2400000			
Peperomia blanda 	Fruits subbasely attached, globose to ovoid, more or less verruculose, brown,      	4306	0	0	0	285	apex oblique with subapical stigma.	4675	0	0	0	0	0	0	0	0	0	Terrestrial, epiphytic or epilithic herb, erect or ascending from rooting base. 	0	0	43	0	Inflorescence |, single or few together; 	0	0	0	floral bracts rounded, glandular. 	6274	0	0	0	0	0	peduncle |, pubescent or crisp-pubescent; 	0	386	0	32.0	58	56	0	-	0	0	spike |, green, densely to laxly flowered; 	0	0	782	150	-	0	0	0	0	0	0	0	7	-	0	0	0	0	apex acute or somewhat acuminate, 	247	0	base acute, pubescent usually on both sides; 	247	386	0	0	0	8	0	margin ciliate, 	0	0	0	196	196	petiole |, pubescent; 	0	0	10	3	Stem villous, often fuscous, green or reddish, 	200	-	200000			
Peperomia delascioi 	Fruits stipitate pale brown, smooth, oblong-ellipsoid, |, crowned with a persistent, conic style, 	4798	586	0	0	285	-	0	0	0	0	1.1	0	stigma apical, mammiform.	0	0	0	Terrestrial herb, non-creeping, suberect or ascending |, not rooting at nodes. 	0	0	22	9	Inflorescence |, solitary; 	0	0	0	floral bracts rounded, umbonate with pale margin, 	6274	0	0	0	43	43	peduncle |, minutely hirtellous, without bracts; 	0	176	0	5.0	56	56	0	rachis glabrous. 	71	0	spike with scattered flowers, 	0	0	1705	30	-	0	0	0	0	10	0	0	Uppermost leaves opposite, the others alternate;      	blade basely attached or slightly peltate, 	0	0	0	0	apex emarginate with some hairs at notch, 	0	106	base rounded or subtruncate, glabrous above, minutely hirtellous at base below; 	6274	71	0	0	0	0.8	0	margin not ciliate, 	0	5044	5044	313	196	petiole |, minutely hirtellous; 	0	0	8.0	5	Stem minutely hirtellous (spreading hairs 	0.1	-	2000000			
Peperomia emarginella 	Fruits basely attached (according to Steyermark, on a short stipe), ellipsoid, 	0	0	0	0	0	-	0	0	0	0	1	0	0	0	0	0	Epiphytic or epilithic, or epiphyllous herb, creeping and rooting at nodes, glabrous or sparsely villous. 	0	71	22	0	Inflorescence |, single, 	0	0	0	floral bracts sub-orbicular to oblong. 	5044	0	0	0	43	43	peduncle slender, |, pinkish; 	0	0	1563	10	56	56	0	-	0	0	spike |, laxly flowered; 	0	0	1705	15.0	-	0	0	0	0	0	0	0	Leaves alternate, basely attached;      	blade |, bright green, |, 	0	0	0	782	apex emarginate, 	0	0	base rounded or truncate, glabrous or with a few hairs; 	6274	71	0	0	0	0	0	margin somewhat ciliate, 	0	6028	5044	196	196	petiole |, often red, glabrous or with sparse hairs; 	0	0	5.0	3	0	0	-	600000			
Peperomia galioides 	Fruits subbasely attached, globose, brown,      	4306	0	0	0	285	apex oblique with subapical stigma.	4675	0	0	0	0	0	0	0	0	0	Terrestrial, epilithic or epiphytic, cespitose herb. 	0	0	0	0	Inflorescence |, often in groups of 2-5; 	0	0	0	floral bracts rounded, glandular. 	6274	0	0	0	0	0	peduncle not slender, |, minutely pubescent to glabrous, winged, green; 	0	386	782	12.0	58	56	0	-	0	0	spike |, pale yellow to green, laxly flowered; 	0	0	2486	150	-	0	0	0	0	0	0	0	4	blade |, ciliate towards obtuse apex, 	4921	0	1	0	-	0	0	base acutish, glabrous; 	0	71	0	0	0	3.0	0	0	0	6520	6520	203	196	petiole |, minutely pubescent; 	0	0	3.0	3	Stem minutely pubescent to glabrous, |, green or green with red spots or reddish. 	800	-	2500000			
Peperomia glabella 	Fruits laterally attached, globose, reddish brown,      	4306	0	23	0	1705	apex oblique with subapical stigma.	4675	0	0	0	0	0	0	0	0	0	Epiphytic, stoloniferous herb, strongly glandular dotted, erect, hanging, prostrate or ascending. 	0	0	43	0	Inflorescence |, single, or several in upper leaf axils, 	0	0	0	floral bracts rounded, glabrous and black-glandular. 	6274	0	71	143	106	43	peduncle |, glabrous, black-glandular; 	0	71	143	15.0	56	56	0	-	0	0	spike |, moderately densely flowered, flowers distinctly separate; 	0	0	1705	160	-	0	0	0	0	0	0	0	Leaves basely attached, alternate;      	blade |, densely black-glandular (when dried), |, 	0	0	0	143	apex acute to acuminate, 	247	0	base acute to acuminate, sometimes subobtuse, glabrous; 	247	71	0	0	0	3.5	0	margin ciliate near apex, 	0	5167	5167	313	196	2	0	0	10	5	Stem |, green or reddish, glabrous, except for lines of hairs decurrent from nodes. 	150	-	2400000			
Peperomia gracieana 	Young fruits flat at apex, green, mature fruits not yet collected.	3445	0	0	0	782	-	0	0	0	0	0	0	0	0	0	0	Epiphytic, terrestrial or epilithic herb, creeping and rooting at nodes. 	0	0	22	0	Inflorescence single, 	0	0	0	floral bracts rounded, glabrous. 	6274	0	71	0	0	0	peduncle slender, |, glabrous, green; 	0	71	782	17.0	1	1	0	-	0	0	spike laxly flowered, |, green; 	0	0	1705	60	-	0	0	0	0	0	0	0	Leaves alternate, distinctly peltate;      	-	0	0	0	0	apex rounded, 	6274	0	base rounded, pilose with erect trichomes on upper surface; 	6274	316	43	0	0	4.5	0	0	0	5044	0	196	196	petiole |, glabrous; 	0	0	50	8	Stem glabrous, |, whitish green. 	400	in non-flooded moist forest, creeping and forming loose mats along creeks on rocks, on the forest floor, or on fallen logs, 	500000			
Peperomia haematolepis 	Fruits ellipsoid or ovoid narrowing into slender beak, with curved tip,      	0	0	0	0	0	-	0	0	0	0	0	0	stigma at base of beak.	0	0	0	Epiphytic, glabrous herb. 	0	71	0	0	Inflorescence |, single, 	0	0	0	floral bracts rounded, glandular. 	6274	0	0	0	43	43	peduncle not slender, |, glabrous or minutely puberulent; 	0	71	0	50	56	56	0	-	0	0	spike |, reddish; 	0	0	1705	50	-	0	0	0	0	0	0	0	Leaves alternate;      	-	0	0	0	0	apex rounded or emarginate, 	6274	0	base cuneate; 	2338	0	0	0	0	4	0	0	0	5167	5167	0	0	petiole not grooved or winged, 	0	0	15.0	pinnately veined veins branching off in lower part of primary vein, may be obsolete when dried. 	Stem ascending. 	0	-	700000			
Peperomia hernandiifolia 	Fruits basely attached, ellipsoid, reddish brown,      	0	0	0	0	1705	apex with slender beak and stigma at base of beak.	0	0	0	0	0	0	0	0	0	0	Epiphytic, terrestrial or epilithic herb, creeping. 	0	0	22	0	Inflorescence |, solitary; 	0	0	0	floral bracts rounded, glabrous, glandular. 	6274	0	71	0	0	0	peduncle not slender, |, minutely pubescent, green; 	0	386	782	55.0	58	56	0	-	0	0	spike |, densely flowered; 	0	0	1705	50	-	0	0	0	0	0	0	0	Leaves alternate, distinctly peltate;      	-	0	0	0	0	apex acuminate, 	124	0	base rounded, minutely pubescent, glabrescent; 	6274	386	0	0	0	5.5	0	margin somewhat ciliate, 	0	5167	5167	118	118	petiole attached |, minutely pubescent, glabrescent; 	0	0	110	11	Stem |, retrorsely minutely crisp-pubescent, green and reddish. 	0	-	2000000			
Peperomia lancifolia 	Fruits basely attached, narrowly cylindrical, brown,      	2461	0	0	0	285	apex with short beak and subapical stigma.	0	0	0	0	0	0	0	0	0	0	Terrestrial, epilithic or epiphytic herb, erect or ascending and rooting at decumbent base. 	0	0	43	0	Inflorescence |, solitary, bifurcate or once-branched; 	0	0	0	floral bracts rounded, glabrous, glandular. 	6274	0	71	0	0	0	common peduncle green, not slender, 	0	0	782	60	56	56	0	-	0	0	spike densely flowered, erect, |, whitish or yellowish green; 	0	43	1705	110	-	0	0	0	0	0	0	0	Leaves basely attached, alternate;      	blade |, somewhat ciliate towards apex, 	0	0	1	0	apex acuminate, 	124	0	base acute, decurrent into petiole, glabrous; 	247	71	0	0	0	17	0	0	0	4306	0	313	196	petiole |, glabrous, narrowly winged; 	0	0	10	11	Stem glabrous, |, green or reddish. 	340	-	1600000			
Peperomia macrostachya 	Fruits basely attached, cylindrical, verruculose, brown,      	2461	0	0	0	285	apex obliquely scutellate with subapical stigma.	4675	0	0	0	0	0	0	0	0	0	Epiphytic herb, often growing on ants' nests, creeping or hanging and rooting at nodes. 	0	0	22	0	Inflorescence |, few together; 	0	0	0	floral bracts rounded, dentate or fimbriate, glandular. 	6274	43	0	0	106	106	peduncle not slender, |, glabrous or minutely pubescent or papillose, red or brown; 	0	71	1705	15.0	56	56	0	-	0	0	spike |, yellow to green, densely flowered; 	0	0	2486	300	-	0	0	0	0	0	0	0	Leaves alternate, basely attached;      	blade |, more or less ciliate, 	0	0	1	0	apex acute or acuminate, 	247	0	base rounded or cordulate or acutish, glabrous or slightly pubescent, a waxy exudate like small scales or stars is usually present on upper surface; 	6274	71	0	0	0	11	0	0	0	5167	0	196	196	petiole |, glabrous, ciliate or puberulent, reddish; 	0	0	20	9	Stem glabrous, |, green or green with red nodes. 	1000	in wet forest, 	1800000			
Peperomia magnoliifolia 	Fruits basely attached, subglobose, verruculose, reddish brown or blackish, gradually tapering into beak, which is slightly hooked at the very tip,      	4306	0	0	0	1705	-	0	0	0	0	0	0	stigma at base of beak.	0	0	0	Epiphytic, epilithic or terrestrial herb. 	0	0	0	0	Inflorescence |, solitary or usually 2(-few) together; 	0	0	0	floral bracts rounded, |, glabrous, glandular. 	6274	0	71	0	43	43	peduncle slender (when dried) or not slender, |, glabrous, green or pinkish; 	0	71	782	80	56	56	0	-	0	0	spike |, green, white or yellow, densely flowered; 	0	0	782	180	-	0	0	0	0	0	0	0	Leaves alternate, basely attached;      	blade |, often red-dotted, |, 	0	0	0	1705	apex rounded, obtuse occasionally slightly emarginate to acutish, 	6274	0	base cuneately decurrent into petiole, sometimes abruptly contracted, glabrous; 	2338	71	0	0	0	14	0	0	0	5167	5167	196	196	petiole |, more or less laterally winged or grooved, glabrous; 	0	23	70	7	Stem erect, creeping or ascending, rooting at nodes, |, glabrous, green or green with red spots. 	500	-	1200000			
Peperomia maguirei 	Fruits not sunken, subbasely attached, globose, green,      	4306	0	0	0	782	apex with short, thick style and apical stigma.	0	664	0	0	0	0	0	0	0	0	Epiphytic or epilithic herb, erect or ascending from prostrate, rooting base. 	0	0	43	0	Inflorescence solitary, 	0	0	0	floral bracts rounded, with scariose margin, glabrous, glandular. 	6274	0	71	0	43	43	peduncle |, villous, green or reddish brown; 	0	596	782	20	56	56	0	rachis hardly ridged; 	0	0	spike |, green, densely flowered, 	0	0	782	70	-	0	0	0	0	0	0	0	4	blade |, sometimes pink below, |, 	0	0	0	1563	apex rounded to emarginate, 	6274	0	base acute, glabrous or loosely villous on upper surface, glabrescent, glabrous below; 	247	71	0	0	0	3.5	0	margin not ciliate, 	0	5167	5167	196	196	petiole |, loosely villous; 	0	0	6.0	3	Stem loosely villous, |, green or reddish brown. 	100	-	700000			
Peperomia obtusifolia 	Fruits basely attached, ellipsoid, verruculose, reddish brown or blackish,      	0	0	0	0	1705	apex abruptly contracted into slender beak, which is curved or curled at tip, 	0	0	0	0	0	0	stigma at base of beak.	0	0	0	Epiphytic, epilithic or terrestrial herb. 	0	0	0	0	Inflorescence |, solitary or few together; 	0	0	0	floral bracts rounded, |, glabrous, glandular. 	6274	0	71	0	0	0	both the common peduncle and those of individual spikes bracteate, green or pinkish, slender (when dried) or not slender, together |, usually minutely pubescent; 	0	386	782	140	56	56	0	-	0	0	spikes |, greenish white to yellow, densely flowered; 	0	0	782	180	-	0	0	0	0	0	0	0	Leaves alternate, basely attached;      	blade shiny green, pale green below, |, often with red spots, |, 	0	0	0	782	apex rounded, obtuse or emarginate, 	6274	0	base cuneate, glabrous; 	2338	71	0	0	0	14.5	0	0	0	0	0	118	118	petiole green or green with red spots, |, more or less grooved, minutely pubescent; 	0	0	65.0	7	Stem erect, creeping or ascending, rooting at nodes, glabrous, green or green with red spots. 	0	-	1200000			
Peperomia ouabianae 	Fruits sessile, ovoid, brown, somewhat verruculose,      	5290	0	0	0	285	apex oblique with subapical stigma.	4675	0	0	0	0	0	0	0	0	0	Epiphytic or epilithic herb, creeping and rooting at nodes. 	0	0	22	0	Inflorescence |, solitary; 	0	0	0	floral bracts rounded, glabrous, glandular. 	6274	0	71	0	0	0	peduncle slender, |, glabrous or minutely pubescent, green; 	0	71	782	15.0	56	56	0	-	0	0	spike |, sparsely to densely flowered; 	0	0	1705	55.0	-	0	0	0	0	0	0	0	Leaves alternate;      	blade glandular-dotted, 	0	0	0	0	apex obtuse, 	4921	0	base acute to obtuse, sparsely to densely villous above, less so beneath, or glabrescent; 	247	596	0	0	0	0.9	0	margin ciliate, 	0	5167	4798	0	0	petiole |, loosely villous; 	0	0	5.0	3	Stem loosely villous, |, green to reddish. 	80	-	1400000			
Peperomia pellucida 	Fruits somewhat stipitate, globose, brown (young, green ones may be finely longitudinally ridged),      	4306	0	0	0	285	-	0	0	0	0	0	0	stigma apical, a short style may be developed.	0	0	0	Terrestrial herb, delicate, erect, glabrous, annual. 	0	71	43	0	Inflorescence |, solitary; 	0	0	0	floral bracts rounded, glabrous, minutely glandular. 	6274	0	71	0	0	0	peduncle slender, |, green; 	0	0	782	10	56	56	0	-	0	0	spike 	0	0	0	60	-	0	0	0	0	0	0	0	Leaves alternate, basely attached;      	-	0	0	0	0	apex acute to obtuse, 	247	0	base rounded, cordulate or truncate; 	6274	0	0	0	0	3.7	0	0	0	2830	0	313	313	petiole |, glabrous; 	0	0	25.0	7	Stem |, green often reddish tinged. 	300	-	0			
Peperomia pernambucensis 	Fruits basely attached, cylindrical, slightly verrucose,      	2461	0	0	0	0	apex truncate with central stigma.	7258	0	0	0	0	0	0	0	0	0	Terrestrial or epiphytic, erect herb, glabrous except for pubescent peduncle. 	0	71	43	0	Inflorescence |, paniculate; 	5413	0	0	floral bracts rounded, glabrous, glandular. 	6274	0	71	0	0	0	peduncle |, densely velvety pubescent, green; 	0	386	782	50	56	56	0	-	0	0	spikes |, green, densely flowered; 	0	0	782	80	-	0	0	0	0	0	0	0	Leaves alternate, basely attached;      	-	0	0	0	0	apex acuminate, 	124	0	base cuneate; 	2338	0	0	0	0	30	0	0	0	4306	0	313	313	petiole to 	0	0	2.5	5	Stem |, green. 	50	-	700000			
Peperomia popayanensis 	Fruits basely attached, ellipsoid,      	0	0	0	0	0	apex with slender beak and stigma at base of beak.	0	0	0	0	0	0	0	0	0	0	Terrestrial, ascending, almost glabrous herb, rooting at nodes. 	0	71	0	0	Inflorescence |, solitary; 	0	0	0	floral bracts, rounded, glabrous. 	6274	0	71	0	0	0	3	0	0	782	70	1	1	0	-	0	0	spike |, green; 	0	0	782	170	-	0	0	0	0	0	0	0	Leaves alternate, slightly subpeltate;      	-	0	0	0	0	apex acuminate, 	124	0	base rounded to cordulate, minutely ciliate towards apex; 	6274	1	0	0	0	12	0	0	0	5167	5167	118	118	petiole 	0	0	200	3	Stem glabrous, green. 	0	-	0			
Peperomia purpurinervis 	Fruits basely attached, ovoid to globose, smooth,      	5290	586	0	0	0	-	0	0	0	0	0	0	stigma apical.	0	0	0	Epiphytic, terrestrial or epilithic herb, creeping to ascending. 	0	0	22	0	Inflorescence |, solitary; 	0	0	0	floral bracts rounded, glabrous, glandular. 	6274	0	71	0	0	0	peduncle not slender, |, glabrous or minutely pubescent; 	0	71	0	25.0	56	56	0	-	0	0	spike erect, |, yellow or pale green or greenish white, laxly flowered; 	0	43	2486	70	-	0	0	0	0	0	0	0	Leaves alternate, basely attached;      	blade |, maybe sparsely ciliate, 	0	0	1	0	apex acute to obtuse, 	247	0	base acute or obtuse, glabrous or slightly hirtellous, green above, often magenta-red below; 	247	71	0	782	0	3.5	0	0	0	0	0	196	196	petiole 	0	0	10	3	52	280	in dense forest on sandstone, 	2750000			
Peperomia quadrangularis 	Fruits somewhat sunken when young, slightly stipitate when ripe, ovoid, smooth and shiny (in vivo) brown, upper half often grayish, verruculose or papillate, with apical stigma.	5290	586	0	0	285	-	0	0	0	0	0	0	0	0	0	0	Epiphytic or epilithic herb, creeping or hanging, sometimes mat-forming. 	0	0	22	0	Inflorescence |, solitary or two together, 	0	0	0	floral bracts rounded or oblong, glabrous, glandular; 	6274	0	71	0	43	43	2	0	386	1705	40	56	1	0	rachis strongly ridged (at least when dried). 	0	0	spike |, green or yellow-green, laxly to moderately flowered; 	0	0	782	60	-	0	0	0	0	60	0	782	Leaves opposite, basely attached;      	-	0	0	0	0	apex obtuse, rounded or slightly acute, 	4921	0	base acute to rounded, dark green above, with paler veins beneath, minutely puberulent above, sparsely so and glabrescent beneath; 	247	351	0	782	0	4.5	0	margin ciliate, 	0	0	0	196	196	petiole |, glabrous or minutely pubescent; 	0	0	5.0	3	Stem quadrangular, minutely pubescent,      	0	in savanna forest, 	200000			
Peperomia quadrifolia 	Fruits basely attached, ovoid or subglobose, brown,      	5290	0	0	0	285	apex attenuate or somewhat stylose, 	862	0	0	0	0	0	stigma apical.	0	0	0	Epiphytic, trailing, glabrous herb. 	0	71	0	0	Inflorescence |, solitary, 	0	0	0	floral bracts rounded, glabrous and sparsely glandular. 	6274	0	71	0	43	43	peduncle not slender, |, green; 	0	0	782	17.0	56	56	0	-	0	0	spike |, densely flowered, green; 	0	0	1705	35.0	-	0	0	0	0	0	0	0	6	-	0	0	0	0	apex emarginate, occasionally with hairs in indentation, 	0	106	base acute; 	247	0	0	0	0	1.8	0	0	0	6520	6520	196	196	petiole 	0	0	4.0	3	Stem erect to ascending, glabrous, |, green or reddish. 	250	-	2800000			
Peperomia reptans 	Fruits basely attached, subglobose to ovoid, with more or less hooked beak and subapical stigma.	4306	0	0	0	0	-	0	0	0	0	0	0	0	0	0	0	Epiphytic, terrestrial or epilithic herb, creeping. 	0	0	22	0	Inflorescence single, 	0	0	0	floral bracts rounded, glandular. 	6274	0	0	0	0	0	peduncle not slender, often bracteate, |, longer than spike, pubescent, sometimes red; 	0	386	1705	60	1	1	0	-	0	0	spike |, green or yellow, densely flowered; 	0	0	782	25.0	-	0	0	0	0	0	0	0	Leaves alternate, basely attached;      	blade |, dark green above, light green beneath, |, 	0	0	0	782	apex acutely obtuse, 	247	0	base cordate, cordulate or rounded, brown appressed-pilose above, below light green (Tillett), red with green (Persaud) or brown (Hahn) stripes and white hairs (Persaud); 	2092	316	0	285	0	2.5	0	margin ciliate, 	0	5214	5167	196	196	petiole |, retrorsely appressed-pubescent; 	0	0	15.0	7	Stem succulent, glossy, retrorsely crisp-pubescent, green with red spots or reddish. 	0	-	1900000			
Peperomia rhombea 	Fruits ellipsoid or ovoid, |, slightly stipitate at maturity, 	0	0	0	0	0	-	0	0	0	0	1	0	stigma apical.	0	0	0	Epiphytic, stoloniferous herb. 	0	0	0	0	Inflorescence |, solitary, simple; 	0	0	0	floral bracts rounded, glabrous, 	6274	0	71	0	0	0	peduncle |, minutely pubescent; 	0	386	0	37.0	56	56	0	-	0	0	spike 	0	0	0	60	-	0	0	0	0	0	0	0	5	-	0	0	0	0	-	0	0	-	0	0	0	0	0	1.5	0	margin ciliolate at apex, obtuse at apex, narrowly acute at base, glabrous above, sparsely minutely pubescent below; 	4921	5905	5905	196	118	petiole |, minutely pubescent; 	0	0	5.0	3	Stem sparsely pubescent. 	0	-	0			
Peperomia rotundifolia 	Fruits (sub)basely attached, globose to ovoid, brown, reticulately verruculose,      	4306	0	0	0	285	apex oblique with subapical stigma.	4675	0	0	0	0	0	0	0	0	0	Epiphytic or epilithic herb, prostrate with ascending stem tips rooting at nodes. 	0	0	0	0	Inflorescence |, solitary; 	0	0	0	floral bracts rounded, glabrous, glandular. 	6274	0	71	0	0	0	peduncle not nodose, without bract, |, pubescent or glabrous; 	0	386	0	10	56	56	0	-	0	0	spike |, yellow to red, moderately to densely flowered; 	0	0	2486	60	-	0	0	0	0	20	0	782	Leaves alternate, basely attached, sometimes subpeltate,      	-	0	0	0	0	apex rounded, 	6274	0	base rounded, glabrous to puberulent; 	6274	71	0	0	0	1.2	0	margin ciliate, 	0	5044	0	196	196	petiole |, pubescent to glabrous; 	0	0	10	3	Stem crisp-pubescent when young,      	0	humid forests 	1000000			
Peperomia serpens 	Fruits basely attached, ellipsoid, brown,      	0	0	0	0	285	apex with slender beak and subapical stigma.	0	0	0	0	0	0	0	0	0	0	Epiphytic or epilithic herb, creeping or twining and rooting at nodes. 	0	0	22	0	Inflorescence |, solitary; 	0	0	0	floral bracts rounded, glabrous, glandular. 	6274	0	71	0	0	0	2	0	386	782	30	56	56	0	-	0	0	spike |, pale green, densely flowered; 	0	0	782	17.0	-	0	0	0	0	30	0	782	Leaves alternate, slightly peltate;      	blade |, ciliolate towards apex, 	0	0	1	0	apex rounded, 	6274	0	base rounded, some hairs on young leaves only; 	6274	106	0	0	0	2	0	0	0	2830	0	196	196	petiole |, crisp-pubescent; 	0	0	20	5	Stem minutely crisp-pubescent,      	0	-	1200000			
Peperomia tenella 	Fruits slightly stipitate at maturity, ellipsoid to obpyriform, with short beak and apical stigma.	0	0	0	0	0	-	0	0	0	0	0	0	0	0	0	0	Terrestrial, epilithic or epiphytic, not branched, tiny herb, decumbent and rooting at base,      	0	0	0	0	Inflorescence |, solitary; 	0	0	0	floral bracts rounded to narrowly oblong, glabrous, glandular. 	6274	0	71	0	43	43	peduncle not slender, |, glabrous, green; 	0	71	782	15.0	56	56	0	-	0	0	spike |, green, flowers distinctly separate; 	0	0	782	40	-	0	0	0	0	16.0	0	782	Leaves alternate, basely attached;      	-	0	0	0	0	apex obtuse and minutely emarginate with hairs in indentation, 	4921	106	base acutish to obtuse, glabrous and ciliate, sometimes sparsely pilose; 	4921	71	0	0	0	1.5	0	0	0	5167	0	196	196	petiole |, glabrous or with a few hairs at node; 	0	0	5.0	3	Stem glabrous to somewhat minutely pubescent,|, fertile stems erect. 	0	in forests especially cloud forests	1580000			
Peperomia tetraphylla 	Fruits basely attached in depressions of rachis, narrowly ovoid to ellipsoid-subcylindrical,      	5290	0	0	0	0	apex with short beak and subapical stigma.	0	0	0	0	0	0	0	0	0	0	Epiphytic or rarely epilithic herb, cespitose or rooting at nodes and ascending. 	0	0	0	0	Inflorescence |, solitary; 	0	0	0	floral bracts rounded, glabrous, glandular. 	6274	0	71	0	0	0	peduncle |, minutely pubescent, green; 	0	386	782	20	56	56	0	rachis pubescent; 	386	0	spike |, cream-white; 	0	0	498	40	-	0	0	0	0	0	0	0	4	-	0	0	0	0	apex obtuse, rounded or emarginate, 	4921	0	base obtuse to subacute, somewhat ciliate towards apex and sparsely puberulent to glabrous; 	4921	1	0	0	0	1.2	0	0	0	5905	5905	203	196	petiole |, minutely pubescent; 	0	0	2.0	3	Stem |, minutely pubescent, green. 	250	-	at higher altitudes			
Peperomia transparens 	Fruits basely attached, globose to ovoid, brown, verruculose,      	4306	0	0	0	285	apex with slender beak and terminal stigma.	0	0	56	0	0	0	0	0	0	0	Epilithic, erect or ascending, glabrous herb,  | , rhizome sometimes tuberous.     	0	71	43	0	Inflorescence |, solitary or few together; 	0	0	0	floral bracts rounded, glabrous, glandular. 	6274	0	71	0	0	0	peduncle slender, |, red; 	0	0	1705	40	56	56	0	-	0	0	spike loosely flowered, erect, |, white or green; 	0	43	1705	50	-	0	0	0	0	0	0	0	Leaves alternate, peltate;      	-	0	0	0	0	apex rounded or somewhat acute, 	6274	0	base rounded to cordulate; 	6274	0	0	0	0	6.5	0	0	0	5167	5167	196	196	petiole attached 	0	0	60	7	Stem |, green or red. 	200	on granitic rocks	850000			
Peperomia urocarpa 	Fruits brown, ellipsoid with distinct beak,      	0	0	0	0	285	-	0	0	0	0	0	0	stigma at base of beak.	0	0	0	Epiphytic or epilithic herb. 	0	0	0	0	Inflorescence solitary, simple, 	0	0	0	floral bracts rounded, with scariose margin. 	6274	0	0	0	0	0	2	0	386	0	40	56	56	0	-	0	0	spike |, about as long as peduncle; 	0	0	0	50	-	0	0	0	0	0	0	0	Leaves alternate;      	blade pale glandular-dotted, 	0	0	0	0	apex acute to obtuse, 	247	0	base truncate to subcordate, occasionally obtuse, pubescent or villous on both sides, glabrescent; 	7258	386	0	0	0	3	0	margin ciliolate towards apex, 	0	2830	2830	0	0	petiole |, crisp-pubescent; 	0	0	45.0	7	Stem rooting at nodes, ascending, crisp-pubescent, glabrescent. 	0	-	800000			
PIPER  	Fruits drupes, embedded in rachis to exserted, separate from each other or in compact rows, glabrous or with indument, globose or variously shaped due to compression,      	4306	0	0	71	0	-	0	0	0	0	0	0	stigmas persistent.	0	0	0	Herbs, subshrubs, shrubs or treelets, sometimes with scrambling branches, rarely climbers or lianas. 	0	0	0	0	Inflorescences simple, pedunculate spikes, solitary, leaf-opposed (in P. peltatum axillary on reduced, leafless branches, umbel-like);      	0	1	1705	floral bracts peltate, rounded, triangular or cucullate, subtending reduced flowers. 	6274	0	0	1705	0	0	0	0	0	0	0	0	0	0	-	0	0	-	0	0	0	0	-	0	0	0	0	0	0	0	Leaves alternate;      	blades basely attached or peltate, symmetrical or asymmetrical, at base often quite some difference in attachment of blade to petiole (measures are given where this occurs), glabrous or variously pubescent, often glandular-dotted, sometimes 	739	0	71	0	-	0	0	-	0	0	0	0	0	0	0	0	0	0	0	508	508	petioles often vaginate or winged, at base only or to apex (base of leaf blade), their margins may extend beyond base of blade; 	0	0	0	palmately or pinnately veined. 	Stems usually with swollen nodes. 	0	Weedy species in secondary vegetation, most species are found in the understory of various types of forest, in open spaces or on dark, humid places; 	2000000			
Piper adenandrum 	Fruits separate at maturity, depressed globose, |, verruculose; 	4306	0	0	0	0	-	0	0	0	0	3	0	3	0	0	0	Shrub or treelet, |, pubescent or villous, hairs 	0	386	0	1.5	-	0	0	0	floral bracts densely marginally fringed; 	0	0	0	0	106	106	peduncle |, sometimes reddish tinged, crisp-pubescent or villous; 	0	386	1705	11.0	0	0	0	rachis glabrous; 	71	0	spike |, green to pale or dark yellow, apiculate; 	616	0	782	50	-	0	0	0	0	upper internodes densely glandular. 	0	0	0	blade not conspicuously glandular-dotted, 	0	0	0	0	apex long-acuminate, 	124	0	base unequally attached to petiole difference |, acute or obtusish, glabrous or pubescent above, (densely) crisp-pubescent or villous beneath; 	247	71	0	0	0.2	16.5	0	margin ciliate, 	0	5167	0	0	0	Petiole |, vaginate to middle; 	0	0	5.0	0	0	0	-	500000			
Piper aduncum 	fruits obovoid, trigonous or somewhat tetragonous, |, glabrous or glabrescent, glandular, 	5290	0	0	71	0	-	0	0	0	0	0.8	0	3	0	0	0	Shrub or treelet, 	0	0	0	7	-	0	0	0	floral bracts densely marginally fringed; 	0	0	0	0	127	127	peduncle |, sparsely pubescent; 	0	386	0	12.0	0	0	0	-	0	0	spike |, white to green, apiculate; 	616	0	2415	150	Infructescence recurved;      	127	0	0	0	upper internodes rather slender. 	0	0	Leaves somewhat glandular-dotted;      	blade |, yellow-green, |, 	0	0	0	2486	apex acuminate, 	124	0	base unequally attached to petiole |, rounded to subcordate, sparsely pubescent at least on veins above or glabrescent, sparsely pubescent or glabrescent below, somewhat rugulose; 	6274	386	0	0	0	24	0	0	0	5167	0	508	508	petiole |, pubescent, vaginate near base; 	0	0	8.0	8	Stem sparsely pubescent to glabrescent;      	0	in open or somewhat shady places.	0			
Piper aequale 	fruits oblongoid to trigonous, |, brownish green, glabrous, 	4798	0	0	71	285	-	0	0	0	0	1	0	3	0	0	0	Shrub or treelet, |, glabrous. 	0	71	0	4	-	0	0	0	floral bracts marginally fringed. 	0	0	0	0	43	43	peduncle slender, 	0	0	0	15.0	0	0	0	rachis glabrous; 	71	0	spike |, white or green, apiculate or not; 	616	0	2415	100	Infructescence (grey-)green;      	0	853	0	0	0	0	0	0	blade |, not conspicuously glandular-dotted, shiny green above, pale below, often drying yellowish green, |, 	0	0	0	782	apex acuminate, 	124	0	base equally attached to petiole, acute, cuneate or obtuse, may be truncate or subcordate on sterile branches; 	247	0	0	0	0	23	0	0	0	5167	0	321	313	Petiole slender, |, vaginate only at base; 	0	0	15.0	6	0	0	in forest or even in secondary vegetation, often on granitic outcrops; 	1500000			
Piper alatabaccum 	4	5290	0	0	71	0	-	0	0	0	0	0	0	4	0	0	0	Shrub or treelet, |, glabrous. 	0	71	0	3	-	0	0	0	floral bracts small, rounded peltate, glabrous, caducous; 	6274	0	71	0	43	43	peduncle 	0	0	0	12.0	0	0	0	rachis brownish crisp-pubescent. 	386	285	spike |, white turning green, not apiculate; 	616	0	2415	80	-	0	0	0	0	0	0	0	0	blade not conspicuously glandular-dotted, 	0	0	0	0	apex long-acuminate, 	124	0	base equally attached to petiole, acute; 	247	0	0	0	0	31	0	0	0	0	0	0	0	Petiole |, vaginate at base; 	0	0	25.0	10	0	0	from understory of mixed forest (on slopes);  	750000			
Piper amalago 	Fruits ovoid, conical to apex, |, glabrous or papillose, 	5290	0	0	71	0	-	0	0	0	0	2	0	4	0	0	0	Shrub, 	0	0	0	4	-	0	0	0	floral bracts cucullate, glabrous; 	2215	0	71	0	43	43	peduncle |, glabrous; 	0	71	0	15.0	0	0	0	rachis minutely pubescent; 	386	0	spike |, not apiculate; 	616	0	0	70	-	0	0	0	0	0	0	0	0	-	0	0	0	0	apex acuminate, 	124	0	base equally attached to petiole, acute to subcordate, glabrous or pubescent on veins below; 	247	71	0	0	0	11	0	0	0	6274	0	0	0	Petiole slender, |, vaginate up to middle, glabrous or pubescent; 	0	0	10	7	Stem glabrous or minutely pubescent on upper internodes. 	0	-	1500000			
Piper angustifolium 	fruits depressed globose or obovoid, |, glabrous, 	4306	0	0	71	0	-	0	0	0	0	2.5	0	3	0	0	0	Shrub or subshrub 	0	0	0	1.5	-	0	0	0	floral bracts cucullate, glabrous. 	2215	0	71	0	43	43	peduncle |, retrorsely pubescent; 	0	386	0	4.0	0	0	0	-	0	0	spike almost globose, |, apiculate; 	4306	0	0	1.5	Infructescence erect, green;      	43	782	0	0	0	0	0	0	blade |, not conspicuously glandular-dotted, |, 	0	0	0	0	apex long-acuminate, 	124	0	base equal or almost equally attached to petiole, acute, glabrous; 	247	71	0	0	0	2.8	0	0	0	0	0	508	508	petiole |, vaginate at base, retrorsely pubescent; 	0	0	4.0	10	Stem retrorsely pubescent with swollen nodes. 	0	in primary forest, 	500000			
Piper anonifolium 	fruits depressed globose, glabrous,       	4306	0	0	71	0	-	0	0	0	0	0	0	3	0	0	0	Shrub, occasionally a tree, |, nodose, glabrous. 	0	71	0	3	-	0	0	0	floral bracts cucullate, not fringed, often greyish when dried; 	2215	0	0	853	43	43	peduncle 	0	0	0	10	0	0	0	rachis glabrous; 	71	0	spike |, white, yellow or (greyish) green, apiculate; 	616	0	2415	40	Infructescence 	0	0	12.0	664	0	0	0	0	blade |, somewhat glandular-dotted, often bicoloured, sometimes glaucous or whitish below in vivo, drying silvery shiny, |, 	0	0	0	1705	apex acute to short-acuminate, 	247	0	base equal or almost equally attached to petiole, cuneate or acute, glabrous; 	2338	71	0	0	0	4.7	0	0	0	5167	0	703	703	Petiole |, canaliculate, ciliate on margin or keel, vaginate at base only; 	0	0	10	12	1	0	-	0			
Piper arboreum 	Fruits dark green, laterally compressed, oblongoid or obovoid, |, glabrous or slightly papillose, 	4798	0	23	71	782	-	0	0	0	0	1	0	4	0	0	0	Shrub or treelet, |, sometimes with long, arching branches, often strongly branching. 	0	0	0	7	-	0	0	0	floral bracts |, densely marginally fringed, conspicuously arranged in whorls; 	0	0	0	0	43	43	peduncle moderately stout, 	0	0	0	10	0	0	0	rachis glabrous; 	71	0	spike |, whitish, yellow or pale green, apiculate, densely flowered; 	616	0	2415	100	-	0	0	0	0	0	0	0	0	blade shiny green above, lighter to whitish below, 	0	0	0	782	apex acute to (long-)acuminate, 	247	0	base unequally attached to petiole difference |, longest side obtuse, rounded to cordulate, in narrow leaves acute, shorter side acute to obtuse, glabrous or minutely pubescent below; 	4921	71	0	0	10	25	0	4	0	5167	4798	0	0	Petiole glabrous or minutely pubescent, |, deeply vaginate, 	0	0	20	10	Stem glabrous or minutely pubescent, upper internodes smooth or somewhat lenticellate. 	0	in moist tropical rain forest high, dense, mixed or swamp forest, occasionally in secondary vegetation, 	1500000			
Piper augustum 	Fruits oblongoid, glabrous, may be somewhat papillose, |, becoming stylose or mammiform at apex, 	4798	0	0	71	0	-	0	0	0	0	2	0	stigmas obsolete.	0	0	0	Shrub or treelet, |, glabrous, except for ciliate leaf margin. 	0	71	0	4	-	0	0	0	floral bracts densely marginally fringed. 	0	0	0	0	106	106	peduncle glandular-dotted, |, red to brown; 	0	0	1705	20	0	0	0	rachis glabrous, sometimes red; 	71	1705	spike 	0	0	0	200	-	0	0	0	0	0	0	0	0	blade glandular-dotted, 	0	0	0	0	apex acute, 	247	0	base almost equal to unequally attached to petiole, acute or obtuse, occasionally truncate; 	247	0	0	0	0	35	0	margin ciliate, 	0	5246	0	0	0	Petiole |, vaginate at base; 	0	0	40	16	0	0	often in humid places, also recorded from secondary vegetation, 	1500000			
Piper aulacospermum 	4	4306	0	0	71	0	-	0	0	0	0	4.5	0	4	4306	0	0	Small shrub, |, sparingly branched. 	0	0	0	2.5	Inflorescence |, white, becoming green; 	0	0	2415	floral bracts saccate or galeate, glabrous, densely fimbriate; 	0	0	71	0	43	43	peduncle |, minutely pubescent; 	0	386	0	10	0	0	0	-	0	0	spike |, not apiculate; 	616	0	0	2.0	-	0	0	0	0	0	0	0	0	blade |, not conspicuously glandular-dotted, |, 	0	0	0	0	apex abruptly long-acuminate, 	124	0	base equal or almost equally attached to petiole, acute, glabrous; 	247	71	0	0	0	16.5	0	0	0	4798	4798	664	664	Petiole |, glabrous, deeply vaginate at base; 	0	0	13.0	12	Stem striate or canaliculate, glabrous. 	0	in lowland moist forest, 	450000			
Piper avellanum 	Fruits trigonous or depressed globose, |, glabrous and papillose, 	4306	0	0	71	0	-	0	0	0	0	2	0	3	0	0	0	Shrub or subshrub |, densely short crisp-pubescent, hairs 	0	386	0	2	-	0	0	0	floral bracts densely marginally fringed. 	0	0	0	0	106	106	peduncle slender, |, pubescent; 	0	386	0	10	0	0	0	rachis glabrous; 	71	0	spike |, white, yellow or green, occasionally apiculate or not; 	616	0	2415	55.0	-	0	0	0	0	0	0	0	0	blade not conspicuously glandular-dotted, 	0	0	0	0	apex short-acuminate or acute, 	124	0	base unequally attached to petiole difference |, rounded, obtuse or subacute, glabrous or sparsely short-pubescent above, sparsely to densely so below; 	6274	71	0	0	0.5	7.5	0	margin ciliate, 	0	4870	0	0	0	Petiole |, vaginate to apex, often conspicuously winged, green or maroon; 	0	0	13.0	6	0	0	in (dense) forest, in river-bank or marsh forest and in secondary vegetation.	0			
Piper bartlingianum 	Fruits ovoid to tetragonous, separate, somewhat ridged or winged (at least when dried), glabrous may be somewhat papillose,      	5290	0	0	71	0	-	0	0	0	0	0	0	4	0	0	0	Shrub, subshrub or treelet, |, somewhat nodose, glabrous. 	0	71	0	4	-	0	0	0	floral bracts cucullate, pilose on inner side. 	2215	0	316	0	43	43	peduncle |, glabrous; 	0	71	0	10	0	0	0	rachis hirsute; 	141	0	spike |, green, not apiculate; 	616	0	782	120	-	0	0	0	0	0	0	0	0	blade glossy, |, not conspicuously glandular-dotted, |, 	0	0	0	0	apex acuminate, 	124	0	base equal or almost equally attached to petiole, acute, glabrous; 	247	71	0	0	0	30	0	0	0	4798	0	118	118	Petiole |, glabrous, vaginate near or at base; 	0	0	5.0	8	0	0	in forest on terra firme and in marsh forest, on sand, clay or granite, 	700000			
Piper bolivaranum 	fruits trigonous, |, glabrous, green, 	0	0	0	71	782	-	0	0	0	0	1	0	3	0	0	0	Subshrub 	0	0	0	1.5	-	0	0	0	floral bracts trigonous, densely marginally fringed. 	0	0	0	0	106	43	peduncle |, glabrous; 	0	71	0	11.0	0	0	0	-	0	0	spike|, white, not apiculate; 	616	0	2415	17.0	Infructescence erect, green;      	43	782	0	0	0	0	0	0	blade |, not conspicuously glandular-dotted, |, 	0	0	0	0	apex long-acuminate, 	124	0	base equal, acute, glabrous above, glabrescent or glabrous below; 	247	71	0	0	0	10.5	0	0	0	0	0	508	508	Petiole |, glabrous, vaginate to apex; 	0	0	6.0	3	Stem glabrous. 	0	-	1100000			
Piper brasiliense 	fruits globose, depressed at apex, densely crisp-pubescent,       	4306	0	0	386	0	-	0	0	0	0	0	0	3	0	316	127	Small shrub, 	0	0	0	1	-	0	0	0	floral bracts narrowly sublunulate, sparsely puberulous. 	0	0	351	0	106	106	peduncle |, densely pubescent; 	0	386	0	4.0	0	0	0	-	0	0	spike |, not apiculate?; 	616	0	0	15.0	Infructescence pendent, 	106	0	25.0	664	0	0	0	0	blade |, densely glandular-dotted below, |, 	0	0	0	0	apex acute to slightly acuminate, 	247	0	base unequally attached to petiole difference |, narrowing to lobed base, lobes shorter than petiole, unequal, longer one subreniform, overlapping petiole, blade glabrous above, densely pubescent with long hairs below including veins; 	6028	71	0	0	0.2	7.2	0	0	0	5167	0	508	508	Petiole |, densely pubescent with long hairs, vaginate at base; 	0	0	10	11	Stem densely retrorsely pubescent with hairs 	0	-	650000			
Piper brownsbergense 	fruits depressed-globose to obovoid, glabrous or papillate at apex, substylose,       	4306	0	0	71	0	-	0	0	0	0	0	0	3	0	0	0	Small shrub or subshrub, 	0	0	0	1.5	-	0	0	0	floral bracts triangular-subpeltate, marginally fringed. 	7135	0	0	0	106	106	peduncle |, pilose, glabrescent; 	0	316	0	20	0	0	0	-	0	0	spike 	0	0	0	55.0	Infructescence pendent;      	106	0	0	0	upper internodes drying finely ridged. 	0	0	0	blade glandular-dotted, 	0	0	0	0	apex acute to acuminate, 	247	0	base equal or unequally attached to petiole difference |, subcordate or obtuse, shorter side cuneate, pilose above, more densely so below; 	2092	316	0	0	0.3	21	0	margin ciliate, 	0	0	0	508	508	Petiole |, pilose; 	0	0	5.0	7	Stem somewhat yellow-glandular, pilose, hairs 	0	-	700000			
Piper cernuum 	Fruits obovoid, |, puberulent at apex, 	5290	0	0	351	0	-	0	0	0	0	2.5	0	3	0	0	0	Shrub or treelet, 	0	0	0	6	-	0	0	0	floral bracts marginally fringed; 	0	0	0	0	106	106	peduncle |, densely pubescent; 	0	386	0	30	0	0	0	rachis glabrous; 	71	0	spike |, yellow, not apiculate; 	616	0	2486	600	-	0	0	0	0	0	0	0	0	blade |, not glandular-dotted, |, 	0	0	0	0	apex acute, 	247	0	base equal or almost equally attached to petiole, deeply unequally lobed, glabrous or sparsely pubescent above, veins glabrescent above, densely pubescent below; 	0	71	0	0	0	60	0	0	0	5167	5167	508	508	Petiole vaginate to apex, |, densely pubescent; 	0	0	90	8	Stem densely pubescent. 	0	in moist forest, swampy vegetation and stream sides,	700000			
Piper ciliomarginatum 	fruits trigonous, |, glabrous, 	0	0	0	71	0	-	0	0	0	0	0.4	0	3	0	0	0	Shrub 	0	0	0	3	-	0	0	0	floral bracts densely marginally fringed. 	0	0	0	0	43	43	peduncle |, glabrous; 	0	71	0	16.0	0	0	0	-	0	0	spike |, white, not apiculate; 	616	0	2415	80	Infructescence pendent, |, green; 	106	782	80	664	0	0	0	0	blade |, densely glandular-dotted, |, 	0	0	0	0	apex acute to acuminate, 	247	0	base equal or somewhat unequally attached to petiole difference |, acute or obtuse or rounded or subcordate, glabrous on both surfaces; 	247	71	0	0	4	22	0	margin ciliate, 	0	5167	0	508	508	Petiole of lower leaves |, of upper leaves |, glabrous, vaginate or winged to apex; 	0	0	3.0	46	Stem glabrous. 	0	-	850000			
Piper consanguineum 	fruits depressed globose, |, papillose, green, becoming exserted, 	4306	0	0	0	782	-	0	0	0	0	3	0	3	0	0	127	Herbaceous small shrub, |, sometimes creeping, retrorsely crisp-pubescent. 	0	386	22	0.5	-	0	0	0	floral bracts cucullate, glabrous; 	2215	0	71	0	106	106	peduncle |, glabrescent; 	0	71	0	5.0	0	0	0	rachis pubescent. 	386	0	spike erect, |, white, yellow to green, apiculate; 	616	43	2415	25.0	Infructescence |, green or brownish; 	0	782	3	0	0	0	0	0	blade dark green above often with a pale or white band along primary vein, pale green below, not conspicuously glandular-dotted, 	0	0	0	782	apex obtuse-acute to acuminate, 	4921	0	base equal or almost equally attached to petiole, rounded to subcordate, glabrous above, crisp-pubescent below especially on veins; 	6274	71	0	0	0	7	0	0	0	4798	0	0	0	Petiole |, crisp-pubescent, vaginate near base; 	0	0	15.0	12	0	0	understorey of primary forest or swampy forest, or open forest on laterite; 	650000			
Piper coruscans 	fruits obovoid or somewhat angular, depressed at apex, |, glabrous, green, 	5290	0	0	71	782	-	0	0	0	0	1	0	3	0	0	0	Shrub or subshrub 	0	0	0	3	-	0	0	0	floral bracts rounded to trigonous, densely marginally fringed. 	6274	0	0	0	43	43	peduncle |, glabrous; 	0	71	0	10	0	0	0	-	0	0	spike |, white, apiculate; 	616	0	2415	110	Infructescence erect, green;      	43	782	0	0	0	0	0	0	blade |, often drying yellowish or greyish green, not scabrous, not conspicuously glandular-dotted below, |, 	0	508	0	2486	apex long-acuminate, 	124	0	base equal or almost equally attached to petiole, truncate, rounded or cordulate, glabrous above or primary vein somewhat appressed-pubescent, veins appressed-pubescent below; 	7258	71	0	0	0	24	0	0	0	5167	5167	313	313	Petiole |, glabrous or sparsely pubescent, vaginate to apex; 	0	0	32.0	7	Stem glabrescent. 	0	riverine flood plain forest on white and brown sands, from mud in wet forest on granitic rocks, red clay or deep mud along river, also from swamp forest, 	650000			
Piper crassinervium 	Fruits rounded, glabrous, with persistent style,      	6274	0	0	71	0	-	0	0	0	0	0	0	3	0	0	127	Shrub or treelet, 	0	0	0	5	-	0	0	0	floral bracts marginally fringed. 	0	0	0	0	0	0	peduncle stout, |, pubescent; 	0	386	0	15.0	0	0	0	-	0	0	spike 	0	0	0	0.7	-	0	0	0	0	0	0	0	0	blade |, not glandular-dotted, |, 	0	0	0	0	apex acuminate, 	124	0	base equal or almost equally attached to petiole, truncate or cuneate, but acute to petiole, glabrous above, veins more or less pubescent below; 	7258	71	0	0	0	20	0	0	0	5167	5167	508	508	Petiole |, glabrous or pubescent, vaginate to middle or to apex; 	0	0	15.0	5	0	0	-	0			
Piper cyrtopodum 	Fruits ovoid, |, glandular, glabrous, 	5290	0	0	71	0	-	0	0	0	0	2	0	3	616	0	0	Subshrub or herb, 	0	0	0	3	-	0	0	0	floral bracts cucullate and pilose on inner side and at base. 	2215	0	316	0	106	106	peduncle |, pilose, often red; 	0	316	1705	16.0	0	0	0	-	0	0	spike |, not apiculate; 	616	0	0	50	-	0	0	0	0	0	0	0	0	blade |, not conspicuously glandular-dotted, |, 	0	0	0	0	apex acuminate or acute, 	124	0	base equal or almost equally attached to petiole, subcordate to rounded, somewhat pilose above, more so below; 	2092	316	0	0	0	20	0	margin hardly ciliate, 	0	5167	0	508	508	Petiole |, pilose, glabrescent, vaginate to apex, sometimes reddish tinged; 	0	0	10	8	Stem pilose with hairs 	0	virgin forest, mossy cloud forest, forest on granite and from open places, 	700000			
Piper demeraranum 	fruits globose, |, puberulent at apex, 	4306	0	0	351	0	-	0	0	0	0	2.5	0	3	0	0	0	Subshrub or shrub, 	0	0	0	2.5	-	0	0	0	floral bracts cucullate, glabrous or dorsally puberulent. 	2215	0	71	0	43	43	peduncle |, pubescent, green; 	0	386	782	10	0	0	0	rachis glabrous; 	71	0	spike |, white, yellow or green, apiculate; 	616	0	2415	45.0	Infructescence |, green; 	0	782	6	0	0	0	0	0	blade |, not glandular-dotted, dark green above, more pale below, |, 	0	0	0	782	apex acuminate, 	124	0	base unequally attached to petiole difference |, unequally cordate, with slightly larger, auriculate lobe mostly covering petiole, glabrous above, crisp-pubescent below; 	2092	71	0	0	0.4	26	0	0	0	4306	0	321	313	Petiole |, crisp-pubescent, vaginate to blade; 	0	0	5.0	11	Stem crisp-pubescent or sometimes appressed-pubescent. 	0	in dense forest, montane forest, growing on brown sand with granite boulders or on sandstone	720000			
Piper dilatatum 	Fruits trigonous, glabrous, or with some hairs at top,      	0	0	0	71	0	-	0	0	0	0	0	0	3	0	0	0	Shrub or subshrub 	0	0	0	4	-	0	0	0	floral bracts |, densely marginally fringed; 	0	0	0	0	43	43	peduncle |, puberulent to glabrous; 	0	351	0	10	0	0	0	-	0	0	spike |, white to yellow, not apiculate; 	616	0	2415	80	-	0	0	0	0	0	0	0	0	blade |, not glandular-dotted, |, 	0	0	0	0	apex acuminate, 	124	0	base unequally attached to petiole difference |, unequally cordate, rounded or obtusish, upper surface glabrous to pubescent, veins pubescent, lower surface sparsely to densely pubescent; 	2092	71	0	0	0.4	20	0	0	0	5905	5905	508	508	Petiole |, pubescent sometimes densely so, vaginate to apex, occasionally reddish tinged; 	0	0	15.0	6	Stem crisp-pubescent or scabrous. 	0	-	0			
Piper divaricatum 	fruits obovoid, |, glabrous, becoming exserted, 	5290	0	0	71	0	-	0	0	0	0	2	664	3	0	0	0	Shrub, subshrub or treelet, sometimes scandent, 	0	0	169	3	-	0	0	0	floral bracts marginally fringed. 	0	0	0	0	106	106	peduncle |, glabrous; 	0	71	0	8.0	0	0	0	-	0	0	spike |, whitish, pale yellow or green, apiculate; 	616	0	2415	60	Infructescence 	0	0	60	0	0	0	0	0	blade |, dark glandular-dotted on both sides, |, 	0	0	0	0	apex acute to acuminate, 	247	0	base almost equal, obtuse or acute, glabrous; 	4921	71	0	0	0	20	0	0	0	5905	5905	118	118	Petiole |, vaginate or grooved to apex; 	0	0	22.0	6	Stem glabrous. 	0	in riverine forest, swamp forest, occasionally reported from regenerating forest.	0			
Piper duckei 	Fruits obpyramidate-trigonous,      	0	0	0	0	0	apex depressed, glandular, pubescent, 	0	0	0	386	0	0	3	4552	0	0	Shrub 	0	0	0	1.5	-	0	0	0	floral bracts densely marginally fringed. 	0	0	0	0	43	43	peduncle |, crisp-pubescent; 	0	386	0	15.0	0	0	0	-	0	0	spike |, pink, apiculate; 	616	0	1563	160	-	0	0	0	0	0	0	0	0	blade drying glossy above, |, not conspicuously glandular-dotted, |, 	0	0	0	0	apex (long) acuminate, 	124	0	base equal or unequally attached to petiole difference |, rounded or cordulate, one side may be subacute, glabrous above, hirsute below, veins densely so; 	6274	71	0	0	0.5	21	0	0	0	739	739	508	508	Petiole |, hirsute, broadly vaginate or winged to apex; 	0	0	12.0	8	Stem densely hirsute. 	0	dense forest on brown sand, 	240000			
Piper dumosum 	Fruits obovoid to trigonous, glabrous, depressed at apex when dried,      	5290	0	0	71	0	-	0	0	0	0	0	0	3	0	0	43	Shrub or treelet 	0	0	0	3	-	0	0	0	floral bracts densely marginally fringed. 	0	0	0	0	106	106	peduncle |, slender, glabrous, green to reddish; 	0	71	782	12.0	0	0	0	-	0	0	spike |, white, yellowish to green, not apiculate; 	616	0	2415	80	-	0	0	0	0	0	0	0	0	blade |, glandular-dotted, |, 	0	0	0	0	apex short-acuminate, 	124	0	base equal or almost equally attached to petiole, acute, truncate to subcordate, sparsely villous above, more densely so below; 	247	596	0	0	0	7.5	0	0	0	5167	0	1	1	20	0	0	1	6	Stem glabrous, densely dark glandular-dotted. 	0	mainly from dense forest, or swampy places, 	700000			
Piper eucalyptifolium 	Fruits depressed globose, glabrous,      	4306	0	0	71	0	-	0	0	0	0	0	0	3	0	0	0	Shrub or treelet |, glabrous except for subnodal lines of hairs on stem. 	0	71	0	2	-	0	0	0	floral bracts cucullate, inflexed, glabrous. 	2215	0	71	0	43	43	peduncle |, glabrescent; 	0	71	0	5.0	0	0	0	-	0	0	spike |, apiculate; 	616	0	0	30	-	0	0	0	0	0	0	0	0	blade |, not conspicuously glandular-dotted, dark green above, pale below, |, 	0	0	0	782	apex long-acuminate, 	124	0	base almost equal, acute, glabrous; 	247	71	0	0	0	16	0	0	0	0	0	508	508	Petiole |, ciliate, vaginate to apex; 	0	0	7.0	15	0	0	in dense forest understorey, 	639000			
Piper fanshawei 	Fruits obovoid, puberulent at depressed apex,      	5290	0	0	351	0	-	0	0	0	0	0	0	stigmas sessile.	0	0	0	Small shrub 	0	0	0	2	-	0	0	0	floral bracts dorsally fringed, crowded. 	0	0	0	0	43	43	peduncle filiform, 	3322	0	0	15.0	0	0	0	-	0	0	spike |, apiculate; 	616	0	0	20	-	0	0	0	0	0	0	0	0	blade |, not glandular- but finely pellucid-dotted, 	0	0	0	0	apex acuminate, 	124	0	base equal or unequally attached to petiole difference |, acute, glabrous; 	247	71	0	0	0.2	4.5	0	margin not ciliate,       	0	4798	0	508	508	Petiole |, glabrous, vaginate below middle; 	0	0	20	6	Stem glabrous. 	0	-	1500000			
Piper flexuosum 	Fruits depressed globose or ovoid, glabrous,      	4306	0	0	71	0	-	0	0	0	0	0	0	stigmas sessile.	0	0	0	Shrub to 2? m tall. 	0	0	0	0	-	0	0	0	floral bracts densely marginally fringed. 	0	0	0	0	43	43	peduncle |, crisp-pubescent; 	0	386	0	5.0	0	0	0	-	0	0	spike |, apiculate; 	616	0	0	60	-	0	0	0	0	0	0	0	0	blade |, glandular-dotted, |, 	0	0	0	0	apex acute, 	247	0	base almost equally attached to petiole, unequally obtuse or acute, glabrous except for veins crisp-pubescent below; 	4921	71	0	0	0	5.5	0	0	0	0	0	508	508	Petiole |, crisp-pubescent, vaginate to apex; 	0	0	5.0	7	Stem densely crisp- pubescent. 	0	-	0			
Piper fuligineum 	fruits globose to trigonous, |, glabrous, 	4306	0	0	71	0	-	0	0	0	0	1	0	3	0	0	0	Stout herb or slender shrub, 	0	0	0	1	-	0	0	0	floral bracts ciliate and hirtellous. 	0	0	1	0	43	43	peduncle 	0	0	0	6.0	0	0	0	rachis glabrous or sparsely pubescent; 	71	0	spike |, green, not apiculate; 	616	0	782	70	Infructescence erect, 	43	0	70	0	0	0	0	0	blade |, not conspicuously glandular-dotted, yellow-green, |, 	0	0	0	2486	apex long-acuminate to obtuse, 	124	0	base equal or almost equally attached to petiole, unequally cordate, lepidote-scabrid above, lower surface and veins hirsute; 	2092	281	0	0	0	6.5	0	0	0	5167	5167	508	508	Petiole |, pubescent, vaginate at base; 	0	0	4.0	5	Stem pubescent. 	0	on edges of streams in savanna areas, in Brazil 	1200000			
Piper glabrescens 	fruits depressed globose or subtetragonous, |, glabrous, glandular, 	4306	0	0	71	0	-	0	0	0	0	1.2	0	3	0	0	0	Shrub 	0	0	0	2	-	0	0	0	floral bracts glabrous to papillate. 	0	0	71	0	43	43	peduncle |, glabrous; 	0	71	0	15.0	0	0	0	-	0	0	spike |, apiculate; 	616	0	0	60	Infructescence 	0	0	5.0	664	0	0	0	0	blade |, densely glandular-dotted, |, 	0	0	0	0	apex acuminate, 	124	0	base equal or unequally attached to petiole difference 	0	0	0	0	0.2	28	0	0	0	5167	0	508	508	Petiole |, vaginate to apex, glabrescent; 	0	0	32.0	7	Stem glabrescent. 	0	-	900000			
Piper guianense 	Fruits without style,      	0	0	0	0	0	-	0	0	0	0	0	0	3	0	0	0	Small shrub, often scrambling, rooting at lower nodes. 	0	0	0	0	-	0	0	0	floral bracts rounded to cucullate, sparsely fringed, with central dark gland; 	6274	0	0	0	43	43	peduncle filiform, |, sparsely pubescent; 	3322	386	0	30	0	0	0	-	0	0	spike |, apiculate; 	616	0	0	17.0	-	0	0	0	0	0	0	0	0	blade |, somewhat glandular-dotted below, |, 	0	0	0	0	apex acute to acuminate, 	247	0	base equal, obtuse, truncate, rounded or subacute, glabrous except sparsely minutely pubescent veins above, minutely crisp-pubescent on veins below; 	4921	71	0	0	0	3.5	0	margin ciliate towards apex, 	0	5167	5167	508	508	Petiole |, sparsely pubescent or glabrescent, vaginate to apex; 	0	0	15.0	5	Stem ribbed, glabrous, younger parts sparsely pubescent. 	0	-	0			
Piper hirtilimbum 	0	0	0	0	0	0	-	0	0	0	0	0	0	0	0	0	0	Shrub 	0	0	0	0.5	-	0	0	0	floral bracts densely marginally fringed; 	0	0	0	0	106	106	peduncle |, long-hirsute; 	0	141	0	12.0	0	0	0	rachis presumably puberulent; 	351	0	spike |, hardly apiculate; 	616	0	0	30	-	0	0	0	0	0	0	0	0	blade |, glandular-dotted, |, 	0	0	0	0	apex acuminate, 	124	0	base unequally attached to petiole difference |, rounded to subcordate, pilose above and below; 	6274	316	0	0	0.8	9.5	0	margin long-ciliate, 	0	5167	5167	508	508	Petiole |, long-hirsute, vaginate to apex (or to middle); 	0	0	30	8	Stem long-hirsute, hairs 	0	in dense forest on brown sand, 	700000			
Piper hispidum 	fruits oblongoid to rounded-trigonous, hirsute,       	4798	0	0	141	0	-	0	0	0	0	0	0	3	0	0	0	Shrub or subshrub, occasionally with scrambling branches, 	0	0	0	3	-	0	0	0	floral bracts densely marginally fringed, 	0	0	0	0	43	43	peduncle |, pubescent; 	0	386	0	10	0	0	0	-	0	0	spike |, white, cream or pale green, not apiculate; 	616	0	2415	140	Infructescence grey or grey green;      	0	853	0	0	0	0	0	0	blade |, glandular-dotted, often greyish below, |, 	0	0	0	853	apex acuminate, 	124	0	base unequally attached to petiole difference |, obliquely rounded or cuneate with one side occasionally cordulate, lepidote-scabrid above, veins hirsute on both surfaces; 	4675	281	0	0	0.6	23	0	0	0	5167	0	508	508	Petiole |, hirsute; 	0	0	10	6	Stem hirsute to glabrescent. 	0	in secondary vegetation, on creek banks in forest and in dense forest, 	700000			
Piper hostmannianum 	fruits oblongoid or trigonous, glabrous to puberulent at apex,       	4798	0	0	71	0	-	0	0	0	0	0	0	3	0	0	0	Shrub, subshrub or treelet 	0	0	0	7	-	0	0	0	floral bracts densely crowded, spirally arranged, densely marginally fringed. 	0	0	0	0	43	43	peduncle |, crisp-pubescent; 	0	386	0	15.0	0	0	0	-	0	0	spike |, white or yellow; 	0	0	2415	120	Infructescence green, 	0	782	12	0	0	0	0	0	blade not conspicuously glandular-dotted, shiny, 	0	0	0	0	apex acuminate, 	124	0	base unequally attached to petiole difference |, obtuse, rounded to subcordate, sometimes acute, glabrous above, below densely appressed pubescent on veins; 	4921	71	0	0	0.7	25	0	margin not ciliate, 	0	5167	0	0	0	petiole |, crisp-pubescent, vaginate to apex; 	0	0	10	6	Stem crisp-pubescent. 	0	-	0			
Piper humistratum 	fruits oblongoid, sunken, glabrous,       	4798	0	0	71	0	-	0	0	0	0	0	0	4	0	0	0	Creeping herb or subshrub to 	0	0	0	0.35	-	0	0	0	floral bracts glabrous, slightly cucullate. 	2215	0	71	0	43	43	peduncle |, villous; 	0	596	0	25.0	0	0	0	-	0	0	spike |, green or yellow or rosish, not apiculate; 	616	0	782	40	Infructescence occasionally pendent;      	106	0	0	0	0	0	0	0	blade discolourous, |, not conspicuously glandular-dotted, |, 	0	0	0	0	apex obtuse or acutish, 	4921	0	base unequally attached to petiole difference |, obliquely rounded, glabrous above, veins brown-villous below; 	4675	71	0	285	0.5	15	0	0	0	0	0	508	508	Petiole |, villous; 	0	0	20	5	Stem villous often with white hairs. 	0	often on rocks and in humid places in primary forest, 	800000			
Piper hymenophyllum 	Fruits obovoid to depressed globose, glabrous,      	5290	0	0	71	0	-	0	0	0	0	1	0	3	0	0	127	Scandent or creeping shrub, climbing branches rooting at nodes. 	0	0	22	0	-	0	0	0	floral bracts pubescent at base, densely marginally fringed; 	0	0	386	0	127	127	peduncle |, pubescent or glabrescent; 	0	386	0	20	0	0	0	-	0	0	spike protandrous (presenting staminate flowers first, pistillate flowers afterwards), |, green, not apiculate; 	616	0	782	35.0	-	0	0	0	0	0	0	0	0	blade not conspicuously glandular-dotted, |, subobovate or ovate, 	5167	0	0	0	apex (long-)acuminate, 	124	0	base unequally attached to petiole difference |, unequally cordate or obtuse, glabrescent but veins may be recurved-pubescent; 	2092	71	127	0	0.7	6.5	22	margin occasionally ciliate, 	0	0	0	0	0	Petiole |, pubescent, vaginate to apex; 	0	0	10	8	Stem ridged, pubescent with recurved hairs. 	0	-	0			
Piper inaequale 	fruits obovoid or slightly flattened, |, somewhat separate, glabrous or minutely papillate, 	5290	0	0	71	0	-	0	0	0	0	2	0	4	0	0	0	Shrub or treelet |, almost glabrous. 	0	71	0	3	-	0	0	0	floral bracts densely marginally fringed. 	0	0	0	0	106	106	peduncle slender, |, glabrous; 	0	71	0	25.0	0	0	0	rachis glabrous; 	71	0	spike |, not apiculate; 	616	0	0	50	Infructescence 	0	0	90	0	0	0	0	0	blade sometimes discolorous and pale brown beneath, |, not conspicuously glandular-dotted, |, 	0	0	0	285	apex acute to short-acuminate, lower half of blade asymmetrical, 	247	0	base unequally attached to petiole difference |: shorter side obtuse to abruptly acute, longer side abruptly rounded, obtuse or cordate, glabrous, except minutely pubescent veins below; 	4921	71	0	0	0.5	9.5	0	0	0	5167	0	508	508	Petiole |, vaginate and narrowly winged to apex; 	0	0	45.0	6	0	0	in forest, 	150000			
Piper insipiens 	fruits trigonous, glabrous, yellowish to green,       	0	0	0	71	2486	-	0	0	0	0	0	0	3	0	0	0	Shrub, subshrub or treelet, may be somewhat scandent, 	0	0	169	2	-	0	0	0	floral bracts triangular, densely marginally fringed. 	7135	0	0	0	43	43	peduncle slender, 	0	0	0	35.0	0	0	0	rachis papillose; 	0	0	spike |, white, yellowish or greyish-green, apiculate; 	616	0	2415	130	Infructescence green, erect or pendent;      	43	782	0	0	0	0	0	0	blade |, discolorous often drying yellowish, conspicuously dark-glandular-dotted, |, 	0	0	0	2486	apex (long-)acuminate, 	124	0	base equal or unequally attached to petiole difference |, acute, cuneate or obtusish, glabrous above, glabrous often minutely crisp-pubescent below especially on veins; 	247	71	0	0	0.5	8.5	0	0	0	0	0	196	196	Petiole |, vaginate to apex; 	0	0	25.0	6	Stem, petiole and peduncle and even primary vein below maybe reddish (brown), or yellowish, glabrous. 	0	dark, humid, primary forest or swamp forest, 	700000			
Piper marginatum 	Fruits oblongoid, glabrous,      	4798	0	0	71	0	-	0	0	0	0	0	0	3	0	0	0	Subshrub or treelet, 	0	0	0	3	-	0	0	0	floral bracts densely marginally fringed. 	0	0	0	0	127	43	peduncle |, glabrous; 	0	71	0	10	0	0	0	-	0	0	spike 	0	0	0	130	-	0	0	0	0	0	0	0	0	blade not dark glandular-dotted, 	0	0	0	0	apex (long-)acuminate, 	124	0	base equal or almost equally attached to petiole, deeply cordate, glabrescent or veins puberulent; 	2092	71	0	0	0	12	0	margin ciliate, 	0	6359	6274	0	0	Petiole vaginate to apex, |, glabrous; 	0	0	40	11	0	0	-	0			
Piper nigrispicum 	fruits trigonous or subtetragonous with narrow “collar”, glabrous, green,       	0	0	0	71	782	-	0	0	0	0	0	0	3	0	0	0	Shrub 	0	0	0	2.5	-	0	0	0	floral bracts densely marginally fringed. 	0	0	0	0	106	106	peduncle slender, |, glabrous, often reddish or violaceous; 	0	71	1705	18.0	0	0	0	-	0	0	spike |, green, yellow to reddish, apiculate; 	616	0	782	50	Infructescence pendent, green;      	106	782	0	0	0	0	0	0	blade shiny dark green above, pale below, densely black glandular-dotted, translucent dotted in vivo, 	0	0	0	782	apex acuminate, 	124	0	base equal or almost equally attached to petiole, acute or cuneate or obtusish, occasionally rough above (from scale-like emergent structures), glabrous below; 	247	71	0	0	0	15	0	0	0	5167	5167	0	0	Petiole |, glabrous, pubescent when young, vaginate at base; 	0	0	8.0	5	Stem glabrous, young ones often reddish. 	0	in forest 	700000			
Piper nigrum 	Fruits globose, |, glabrous, red or black, 	4306	0	0	71	1705	-	0	0	0	0	6	0	3	0	0	0	Shrub sometimes with scrambling branches or liana. 	0	0	0	0	-	0	0	0	floral bracts glabrous. 	0	0	71	0	106	106	peduncle 	0	0	0	25.0	0	0	0	-	0	0	spike |, apiculate or not; 	616	0	0	100	Infructescence pendent, |, more than 	106	0	5.0	664	0	0	0	0	blade |, not glandular-dotted, |, 	0	0	0	0	apex acute to short-acuminate, 	247	0	base equal or almost equally attached to petiole, subacute to obtusish, glabrous; 	247	71	0	0	0	19	0	0	0	0	0	508	508	Petiole |, glabrous, vaginate to apex; 	0	0	20	3	Stem glabrous. 	0	-	0			
Piper obliquum 	Fruits obovoid or oblongoid, sometimes flattened at apex, |, minutely pubescent or glabrous or with a few basal hairs, 	5290	0	0	386	0	-	0	0	0	0	2	0	3	0	0	0	Shrub or treelet, 	0	0	0	8	-	0	0	0	floral bracts triangular-rounded to cucullate, glabrous. 	7135	0	71	0	106	106	peduncle |, pubescent to glabrescent; 	0	386	0	50	0	0	0	rachis pubescent; 	386	0	spike |, reddish when young, apiculate; 	616	0	1705	600	-	0	0	0	0	0	0	0	0	blade |, not glandular-dotted, |, 	0	0	0	0	apex acute to acuminate, 	247	0	base unequally attached to petiole difference |, unequally lobed, basal lobes shorter or longer than petiole, occasionally overlapping the latter, glabrous above, more or less brown-pubescent below, especially on veins; 	0	71	0	285	1	60	0	0	0	5246	0	508	508	Petiole |, glabrous or densely brown-pubescent, green to brown, vaginate or winged to apex; 	0	0	70	9	Stem densely pubescent to glabrescent. 	0	in moist forest  	2000000			
Piper paramaribense 	fruits globose or obovoid, |, glabrous, green, 	4306	0	0	71	782	-	0	0	0	0	3	0	3	4552	0	43	Small shrub, sometimes trailing, 	0	0	0	1	-	0	0	0	floral bracts cucullate and pilose on inner side and at base,       	2215	0	316	0	43	43	peduncle |, glabrous or hirsute; 	0	71	0	10	0	0	0	rachis pubescent. 	386	0	spike |, yellow or green, apiculate; 	616	0	2486	40	Infructescence erect, |, green; 	43	782	70	664	0	0	0	0	blade |, glandular-dotted, |, 	0	0	0	0	apex short-acuminate, maybe somewhat obtuse, 	124	0	base equal or unequally attached to petiole difference at most |, cuneate to obtusish, rounded or subcordate, glabrous but veins appressed-pubescent below; 	2338	71	0	0	0.1	17	0	0	0	0	0	586	1	Petiole |, hirsute, vaginate to middle; 	0	0	5.0	12	Stem hirsute. 	0	-	1600000			
Piper peltatum 	Fruits trigonous, glabrous.	0	0	0	71	0	-	0	0	0	0	0	0	0	0	0	0	Large herb 	0	0	0	3	Inflorescence |, umbellate, |, sympodial branches with very short internodes, without leaves; 	0	0	0	floral bracts marginally fringed. 	0	0	0	0	43	43	common peduncle |, peduncles slender, 	0	0	0	15.0	1	1	1705	-	0	0	spikes numerous, |, each subtended by a single prophyll, densely flowered; 	0	0	1705	100	-	0	0	0	0	Internodes black glandular-dotted, more densely so on nodes. 	0	143	Leaves alternate, peltate;      	blade glandular-dotted, 	0	0	0	0	apex acute, 	247	0	base nearly rounded to usually deeply cordate, glabrous except for short hairs on veins; 	6274	71	0	0	0	30	0	0	0	5167	5167	0	0	1	0	0	200	15	0	0	-	0			
Piper perstipulare 	fruits trigonous or ovoid, glabrous, verruculose,       	5290	0	0	71	0	-	0	0	0	0	0	0	3	0	0	127	Shrub 	0	0	0	4	-	0	0	0	floral bracts subtriangular, densely marginally fringed. 	7135	0	0	0	43	43	peduncle |, glabrous; 	0	71	0	20	0	0	0	-	0	0	spike |, greenish white to white, apiculate; 	616	0	782	95.0	Infructescence 	0	0	115.0	0	0	0	0	0	blade |, densely glandular-dotted below, |, 	0	0	0	0	apex acuminate, 	124	0	base equal or unequally attached to petiole difference |, obtuse to rounded, glabrous, but veins sparsely to densely appressed or crisp-pubescent below; 	4921	71	0	0	0.3	27	0	margin ciliolate, |margin enlarged; 	0	5167	0	508	508	Petiole |, glabrous, vaginate to apex, 	0	0	45.0	7	Stem glabrous. 	0	-	1275000			
Piper phytolaccifolium 	fruits globose, |, glabrous, with persistent style, 	4306	0	0	71	0	-	0	0	0	0	1.5	0	3	0	0	0	Shrub |, glabrous. 	0	71	0	1.6	-	0	0	0	floral bracts densely marginally fringed. 	0	0	0	0	43	43	peduncle 	0	0	0	7.0	0	0	0	-	0	0	spike |, not apiculate; 	616	0	0	40	Infructescence erect to pendent, 	43	0	6.0	664	0	0	0	0	blade |, glandular-dotted to densely glandular-dotted, |, 	0	0	0	0	apex acuminate, 	124	0	base unequally attached to petiole difference |, acute, glabrous; 	247	71	0	0	0.3	16	0	0	0	5167	0	313	313	Petiole |, vaginate to middle or to apex; 	0	0	10	6	0	0	-	0			
Piper piscatorum 	fruits separate at maturity, not sulcate, globose, |, papillose at apex, glabrescent, 	4306	0	0	71	0	-	0	0	0	0	1.5	0	4	0	0	0	Subshrub, 	0	0	0	1	-	0	0	0	floral bracts cucullate, glabrous. 	2215	0	71	0	43	43	peduncle |, glabrous; 	0	71	0	5.0	0	0	0	rachis pubescent; 	386	0	spike |, green, apiculate; 	616	0	782	70	Infructescence 	0	0	60	0	upper internodes finely striate. 	0	0	0	blade |, dull green, not conspicuously glandular-dotted, |, 	0	0	0	782	apex acuminate, 	124	0	base equal or almost equally attached to petiole, subacute to obtuse or rounded, glabrous; 	247	71	0	0	0	6.5	0	0	0	5167	0	118	118	Petiole |, vaginate at base; 	0	0	20	8	Stem glabrous or glabrescent;      	0	non-flooded moist forest, or along riverbanks	660000			
Piper poiteanum 	fruits depressed globose to trigonous, |, glabrous, 	4306	0	0	71	0	-	0	0	0	0	1	664	3	0	0	0	Vine or climbing shrub 	0	0	0	8	-	0	0	0	floral bracts cucullate-inflexed, densely marginally fringed. 	2215	0	0	0	106	106	peduncle |, minutely pubescent or glabrous; 	0	386	0	15.0	0	0	0	-	0	0	spike |, yellow to green, apiculate; 	616	0	2486	165.0	Infructescence 	0	0	150	0	Upper internodes finely striate, glabrescent. 	71	0	0	blade |, not conspicuously glandular-dotted, |, 	0	0	0	0	apex acuminate, 	124	0	base equal, rounded to subcordate to deeply cordate, glabrous but veins glabrous or sparsely pubescent below; 	6274	71	0	0	0	12	0	0	0	5167	4798	313	313	Petiole |, glabrous or sparsely pubescent, vaginate to apex; 	0	0	25.0	3	0	0	in understorey of primary rainforest and from secondary vegetation	600000			
Piper pulleanum 	fruits obovoid to trigonous, papillose or hispidulous, 	5290	0	0	211	0	-	0	0	0	0	2	0	3	0	0	0	Shrub or treelet, 	0	0	0	2.5	-	0	0	0	floral bracts marginally fringed; 	0	0	0	0	43	43	peduncle |, brown crisp-pubescent; 	0	386	285	80	0	0	0	-	0	0	spike |, white to yellowish, apiculate; 	616	0	2415	80	Infructescence erect;      	43	0	0	0	0	0	0	0	blade not conspicuously glandular-dotted, often drying dull greyish green, 	0	0	0	853	apex acuminate, 	124	0	base unequally attached to petiole difference |, obtuse to subcordate, almost glabrous above, veins may be somewhat appressed-pubescent, appressed-pubescent below especially on veins; 	4921	71	0	0	0.3	25	0	0	0	5167	5167	508	508	Petiole |, densely brown-pubescent; 	0	0	7.0	4	Stem densely retrorsely crisp-pubescent. 	0	-	260000			
Piper remotinervium 	Fruits trigonous, somewhat exserted when mature, hirsute,      	0	0	0	141	0	-	0	0	0	0	0	0	stigmas sessile.	0	0	0	Shrub or treelet, 	0	0	0	3.5	-	0	0	0	floral bracts densely marginally fringed. 	0	0	0	0	43	43	peduncle |, pubescent; 	0	386	0	20	0	0	0	-	0	0	spike |, creamish white to green, hardly apiculate; 	616	0	498	200	-	0	0	0	0	0	0	0	0	blade |, not conspicuously glandular-dotted, |, 	0	0	0	0	apex acuminate, 	124	0	base equal or unequally attached to petiole difference |, subcordate or obtusish, pubescent on both surfaces, veins more densely so; 	2092	386	0	0	0.3	30	0	0	0	5167	5167	508	508	Petiole |, densely pubescent; 	0	0	20	7	Stem and branches sparsely to densely pubescent. 	0	in (dense) forest, 	300000			
Piper reticulatum 	Fruits greenish white, obovoid or oblongoid, |, puberulous, with glabrous disc at apex, separate at maturity, 	5290	0	0	351	782	-	0	0	0	0	1.5	0	3	0	0	0	Treelet or shrub, sometimes scandent, |, tall. 	0	0	169	10000	-	0	0	0	floral bracts glabrous or sparsely puberulous. 	0	0	71	0	43	43	peduncle |, glabrous or minutely puberulous; 	0	71	0	20	0	0	0	rachis glabrous; 	71	0	spike |, white or greyish, not aciculate; 	0	0	2415	120	-	0	0	0	0	0	0	0	0	blade |, not glandular-dotted, |, 	0	0	0	0	apex acute or acuminate, 	247	0	base equal, obtuse or rounded; 	4921	0	0	0	0	30	0	0	0	5167	5167	313	313	Petiole |, glabrous, vaginate at base; 	0	0	120	7	Stem often with spines opposite petiole;      |, nodes glandular-dotted. 	0	recorded mainly from secondary vegetation, 	450000			
Piper rudgeanum 	fruits ovoid, |, glabrous, with persistent short style, 	5290	0	0	71	0	-	0	0	0	0	2	0	4	0	0	127	Shrub. 	0	0	0	0	-	0	0	0	floral bracts pilose on inner side and at base. 	0	0	316	0	106	106	peduncle rather stout, |, glabrous; 	0	71	0	7.0	0	0	0	-	0	0	spike |, not apiculate; 	616	0	0	10	Infructescence recurved, 	127	0	3.0	664	0	0	0	0	blade |, densely glandular-dotted on both surfaces, |, 	0	0	0	0	apex acuminate, 	124	0	base almost equal, acute to cuneate, glabrous; 	247	71	0	0	0	13	0	0	0	5167	5167	508	508	Petiole |, vaginate to apex; 	0	0	20	10	Stem glabrous, glandular. 	0	-	0			
Piper rupununianum 	Fruits trigonous to obpyramidal, glabrous, glandular, green,      	0	0	0	71	782	-	0	0	0	0	0	0	3	0	0	0	Shrub or tree, 	0	0	0	2	-	0	0	0	floral bracts densely marginally fringed. 	0	0	0	0	106	43	peduncle 	0	0	0	15.0	0	0	0	-	0	0	spike |, apiculate; 	616	0	0	90	-	0	0	0	0	0	0	0	0	blade not glandular-dotted, 	0	0	0	0	apex long-acuminate, 	124	0	base equal or almost equally attached to petiole, acute, glabrous; 	247	71	0	0	0	20	0	0	0	4798	0	0	0	Petiole |, glabrous, vaginate usually at base; 	0	0	6.0	4	Stem glabrous or may be sparsely appressed-pubescent. 	0	in clearings, damp places, open and mixed forest, shady rocky areas, 	1600000			
Piper salicifolium 	0	0	0	0	0	0	-	0	0	0	0	0	0	0	0	0	0	Shrub. 	0	0	0	0	-	0	0	0	floral bracts densely marginally fringed; 	0	0	0	0	0	0	peduncle 	0	0	0	10	0	0	0	-	0	0	spike 	0	0	0	40	-	0	0	0	0	0	0	0	0	blade |, conspicuously dark-glandular-dotted below, |, 	0	0	0	0	apex long-acuminate, 	124	0	base equal, obtuse or subacute, densely villous below; 	4921	596	0	0	0	7.5	0	margin ciliate, 	0	5167	0	508	508	Petiole |, villous; 	0	0	5.0	5	Stem retrorsely villous. 	0	-	0			
Piper trichoneuron 	Fruits oblongoid, glandular, hirsute,      	4798	0	0	141	0	-	0	0	0	0	0	0	3	4921	0	0	Shrub, sometimes treelet, 	0	0	0	2	-	0	0	0	floral bracts densely marginally fringed. 	0	0	0	0	43	43	peduncle |, pubescent; 	0	386	0	10	0	0	0	-	0	0	spike |, often reddish or pink, apiculate; 	616	0	1705	90	-	0	0	0	0	0	0	0	0	blade sometimes with pale band along primary vein, |, more or less orange glandular-dotted on lower surface, sometimes somewhat scabrous, |, 	0	508	0	1492	apex (long-)acuminate, 	124	0	base equal or unequally attached to petiole difference |, obtuse to rounded to subcordate occasionally cuneate, glabrous above, crisp-pubescent on veins below; 	4921	71	0	0	0.5	33	0	0	0	0	0	118	118	Petiole often stout, |, densely crisp-pubescent, vaginate to apex; 	0	0	10	7	Stem crisp-pubescent. 	0	-	0			
Piper tuberculatum 	Fruits laterally compressed, rounded, glabrous,      	6274	0	23	71	0	-	0	0	0	0	0	0	4	0	0	0	Shrub or treelet |, stem minutely hirtellous, usually somewhat tuberculate. 	742	176	0	3	-	0	0	0	floral bracts |, marginally fringed, conspicuously arranged in whorls. 	0	0	0	0	43	43	peduncle 	0	0	0	20	0	0	0	-	0	0	spike 	0	0	0	110	-	0	0	0	0	0	0	0	0	-	0	0	0	0	apex obtuse, rounded or slightly acute, 	4921	0	base unequally attached to petiole difference |, shorter side acute to obtuse, longer side rounded or cordate, glabrous or glabrescent above, minutely pubescent on veins below; 	247	71	0	0	0.7	12	0	0	0	5167	5167	0	0	Petiole tuberculate, |, minutely puberulent, glabrescent, vaginate to base of blade and extending shortly; 	742	0	7.0	10	0	0	mostly in dry areas.	0			
Piper wachenheimii 	Fruits depressed globose or obovoid, |, pubescent or hirtellous, separate from each other, 	4306	0	0	386	0	-	0	0	0	0	1	664	3	0	0	0	Small shrub or even small treelet, |, nodose in lower part. 	0	0	0	1.5	-	0	0	0	floral bracts densely marginally fringed. 	0	0	0	0	43	43	peduncle |, crisp-pubescent; 	0	386	0	5.0	0	0	0	rachis glabrous; 	71	0	spike |, reddish, pinkish or brownish, apiculate; 	616	0	1705	80	-	0	0	0	0	0	0	0	0	blade |, glandular-dotted, |, 	0	0	0	0	apex acuminate, 	124	0	base equal or almost equally attached to petiole, acute or cuneate, glabrous above, erect-pubescent below, more so on veins; 	247	71	43	0	0	15	0	0	0	4306	0	508	508	Petiole |, densely pubescent or hirsute, vaginate at base; 	0	0	5.0	5	Stem densely pubescent or hirsute, hairs often reddish brown (	0	in primary forest, and occasionally from secondary vegetation, 	600000			
