-	/flower buds*	/flower buds*/shape	/flower buds*/texture	/flower buds/length*	/flower buds/length*/texture	/flower buds/style*	/flower buds/style*/shape	/flowers*	/flowers*/shape	/flowers*/position	/flowers*/margin type	/flowers*/growth form	/flowers/colour*	/flowers/colour*/colour	/flowers/length*	/flowers/merosity*	/flowers/merosity*/shape	/flowers/style*	/flowers/style*/shape	/flowers/style*/texture	/fruits*	/fruits*/shape	/fruits*/texture	/fruits*/growth form	/fruits/colour*	/fruits/colour*/margin type	/fruits/colour*/colour	/fruits/dimensions*	/fruits/perianth segments*	/fruits/perianth segments*/shape	/fruits/shape*	/fruits/shape*/shape	/habit*	/habit*/environment	/habit*/shape	/habit*/hairs	/habit*/colour	/habit/basal cataphylls/cataphyll pair number*	/habit/basal cataphylls/relative distance*	/habit/basal cataphylls/relative distance*/shape	/habit/colour*	/habit/colour*/texture	/habit/colour*/colour	/habit/epicortical roots*	/habit/epicortical roots*/shape	/habit/epicortical roots*/growth form	/habit/internodes*	/habit/internodes*/shape	/habit/internodes*/hairs	/habit/internodes/length*	/habit/stems*	/habit/stems*/shape	/habit/stems*/growth form	/inflorescences*	/inflorescences*/shape	/inflorescences*/texture	/inflorescences*/position	/inflorescences*/margin type	/inflorescences*/hairs	/inflorescences*/growth form	/inflorescences/calyculus*	/inflorescences/calyculus*/texture	/inflorescences/calyculus*/margin type	/inflorescences/calyculus*/growth form	/inflorescences/fertile internodes/fertile internode number*	/inflorescences/flowers/flower number per bract*	/inflorescences/length*	/inflorescences/peduncle*	/inflorescences/peduncle*/shape	/inflorescences/peduncle*/position	/inflorescences/peduncle/length*	/inflorescences/position*	/inflorescences/position*/shape	/inflorescences/position*/position	/inflorescences/triad pair number*	/inflorescences/triad peduncle/length*	/leaf blades/shape*	/leaf blades/shape*/shape	/leaves*	/leaves*/shape	/leaves*/position	/leaves*/margin type	/leaves*/growth form	/leaves/blade/apex*	/leaves/blade/apex*/shape	/leaves/blade/dimensions*	/leaves/blade/shape*	/leaves/blade/shape*/shape	/leaves/blade/shape*/growth form	/leaves/petiole/length*	/leaves/veins*	/leaves/veins*/shape	/petiole*	/petiole*/shape	/petiole*/margin type	/petiole/blade/apex*	/petiole/blade/apex*/shape	/petiole/blade/base*	/petiole/blade/base*/shape	/petiole/blade/dimensions*	/petiole/blade/dimensions*/shape	/petiole/blade/shape*	/petiole/blade/shape*/shape	/petiole/blade/texture*	/petiole/blade/texture*/texture	/petiole/length*	/petiole/veins*	/petiole/veins*/shape	/petiole/veins*/position	/plant sexuality*	/habitat/altitude*	/habitat/altitude*/environment	
  	-	-	-	-	-	-	-	-	-	-	-	-	-	-	-	-	-	-	-	-	-	-	-	-	-	-	-	-	-	-	-	-	-	-	-	-	-	-	-	-	-	-	-	-	-	-	-	-	-	-	-	-	-	-	-	-	-	-	-	-	-	-	-	-	-	-	-	-	-	-	-	-	-	-	-	-	-	-	-	-	-	-	-	-	-	-	-	-	-	-	-	-	-	-	-	-	-	-	-	-	-	-	-	-	-	-	-	-	-	-	-	-	
EREMOLEPIDACEAE  	-	-	-	-	-	-	-	-	-	-	-	-	-	-	-	-	-	-	-	-	Fruit a small, 	small	-	-	-	-	-	-	-	-	-	-	     	-	-	-	-	-	-	-	-	-	-	-	-	-	-	-	-	-	-	-	-	     	-	-	-	-	-	-	-	-	-	-	-	-	-	-	-	-	-	-	-	-	-	-	-	-	Leaves alternate, simple, short-petiolate to nearly sessile, expanded or scale-like and peltate. 	peltate,sessile,short	-	-	-	-	-	-	-	-	-	-	-	-	-	-	-	-	-	-	-	-	-	-	-	-	-	-	-	-	-	Dioecious or monoecious. 	-	-	
ANTIDAPHNE  	-	-	-	-	-	-	-	-	-	-	-	-	-	-	-	-	-	-	-	-	-	-	-	-	-	-	-	-	-	-	-	-	Glabrous, foliaceous plants. 	-	-	-	-	-	-	-	-	-	-	-	-	-	-	-	-	-	-	-	-	-	-	-	-	-	-	-	-	-	-	-	-	-	-	-	-	-	-	-	-	-	-	-	-	-	Leaves alternate, simple, variable in shape, shiny and 	-	-	-	-	-	-	-	-	-	-	-	-	-	-	-	-	-	-	-	-	-	-	-	-	-	-	-	-	-	-	Dioecious.	-	-	
Antidaphne viscoidea 	-	-	-	-	-	-	-	-	-	-	-	-	-	-	-	-	-	-	-	-	Fruit 	-	-	-	grey-green to whitish or yellowish	-	green,grey,whitish	-	-	-	-	-	Plants to 	-	-	-	-	-	-	-	-	-	-	-	-	-	-	-	-	-	-	-	-	-	-	-	-	-	-	-	-	-	-	-	-	-	-	-	-	-	-	-	-	-	-	-	-	-	     	-	-	-	-	-	-	-	mostly obovate with rounded apex	obovate,rounded	-	-	-	-	-	-	-	-	-	-	-	-	-	-	-	-	-	-	-	-	-	-	-	-	
LORANTHACEAE  	-	-	-	-	-	-	-	     	-	-	-	-	-	-	-	-	-	style in many genera slender and long. 	slender	-	Fruit a 	-	-	-	-	-	-	-	-	-	-	-	Leafy shrubs parasitic on other woody plants. 	shrub	-	-	-	-	-	-	-	-	-	-	-	-	-	-	-	-	-	-	-	     	-	-	-	-	-	-	-	-	-	-	-	-	-	-	-	-	-	-	-	-	-	-	-	-	Leaves alternate, decussate or whorled. 	-	-	-	-	-	-	-	-	-	-	-	-	-	-	-	-	-	-	-	-	-	-	-	-	-	-	-	-	-	-	-	-	-	
CLADOCOLEA  	-	-	-	-	-	-	-	     	-	-	-	-	-	-	-	3-5-merous; 	-	-	-	-	-	-	-	-	-	-	-	-	-	-	-	-	     	-	-	-	-	-	-	-	-	-	-	at least sometimes with a few slender epicortical roots from base of plant. 	slender	-	-	-	-	-	-	-	-	Inflorescences determinate or indeterminate, extremely small, often (but not always) with bracteolate triads below and ebracteolate monads above, all but terminal flowers in paired positions. 	small	-	terminal	-	-	-	-	-	-	-	-	-	-	-	-	-	-	-	-	-	-	-	-	-	Leaves irregularly alternate-decussate. 	-	-	-	regular	-	-	-	-	-	-	-	-	-	-	-	-	-	-	-	-	-	-	-	-	-	-	-	-	-	-	-	-	-	
Cladocolea micrantha 	-	-	-	-	-	-	-	Male and female flowers similar, 	-	-	-	-	-	-	< 0.2 cm long	3- or 4-merous	-	style straight,       	-	-	Fruit 	-	-	-	light orange to red with dark tip	-	orange,red	0.5 x 0.3 cm	-	-	ellipsoid or ovoid	ellipsoid,ovoid	     	-	-	-	-	-	-	-	-	-	-	-	-	-	internodes terete, 	terete	-	to 9 cm long	-	-	-	Inflorescence determinate, |, apical flower followed by one or more pairs of bracteolate or ebracteolate, sessile monads, below which sometimes |, often elongating in fruit; |, where |, awl-shaped scale leaves of 	sessile	-	-	-	-	-	-	-	-	-	-	-	0.5-3 cm long	peduncle 	-	-	0.1 cm	-	-	-	one or more pairs	-	-	-	     	-	-	-	-	apex rounded to deeply emarginate, usually minutely apiculate, 	apiculate,minute,rounded	to 8 x 3.5 cm	lanceolate, elliptic, or ovate	elliptic,lanceolate,ovate	-	0.2-0.5 cm long	venation ranging from pinnate with a distinct midvein reaching into apex to 3-veined in more emarginate leaves. 	-	-	-	-	-	-	-	-	-	-	-	-	-	-	-	-	-	-	Dioecious, male plants apparently infrequent. 	-	-	
Cladocolea nitida 	-	-	-	-	-	-	-	Flowers |, |, each with a minute, elongate, staminodial cushion; |, 	elongate,minute	-	-	-	-	-	0.45 cm long	-	-	-	-	-	-	-	-	-	-	-	-	-	-	-	-	-	     	-	-	-	-	-	-	-	-	-	-	-	-	-	internodes quadrangular when young. 	quadrangular	-	-	-	-	-	-	-	-	-	-	-	-	-	-	-	-	-	-	-	-	-	-	-	-	-	-	-	-	-	-	     	-	-	-	-	apex rounded to notched or nearly mucronulate, 	rounded	to 4 x 2 cm	obovate	obovate	-	ca. 1 cm long	pinnate venation clearly marked on both sides. 	-	-	-	-	-	-	-	-	-	-	-	-	-	-	-	-	-	-	Dioecious, only female plants known. 	-	-	
Cladocolea sandwithii 	-	-	-	-	-	-	-	Flowers (male) 	-	-	-	-	-	-	ca. 0.2 cm long	4-merous	-	style conspicuously clavate, 	clavate	-	-	-	-	-	-	-	-	-	-	-	-	-	-	-	-	-	-	-	-	-	-	-	-	-	-	-	-	-	-	-	-	-	-	Inflorescence |, sessile, |, upper 2 triads sometimes replaced with monads; 	sessile	-	-	-	-	-	-	-	-	-	-	-	ca. 0.3 cm long	-	-	-	-	usually with 	-	-	-	-	-	-	     	-	-	-	-	apex emarginate and mucronate to rounded, 	rounded	to 5 x 1.5 cm	obovate	obovate	-	0.5 cm long	-	-	-	-	-	-	-	-	-	-	-	-	-	-	-	-	-	-	-	Dioecious, only male plants seen. 	-	-	
GAIADENDRON  	-	-	-	-	-	-	-	Flowers bisexual, 	-	-	-	-	-	-	-	6- or 7-merous	-	-	-	-	     	-	-	-	-	-	-	-	-	-	-	-	Trees or shrubs of usually terrestrial habitat, parasitic on roots of other vascular plants. 	shrub,terrestrial	-	-	-	-	-	-	-	-	-	-	-	-	-	-	-	-	-	-	-	Inflorescences a raceme of stalked triads, median flowers of triads sessile, |, foliaceous bract/bracteole. 	sessile	-	-	-	-	-	-	-	-	-	-	-	-	-	-	-	-	lateral	-	lateral	-	-	-	-	Leaves 	-	-	-	-	-	-	-	-	-	-	-	-	-	-	-	-	-	-	-	-	-	-	-	-	-	-	-	-	-	-	-	-	-	
Gaiadendron punctatum 	-	-	-	-	-	-	-	Flowers commonly 	-	-	-	-	golden yellow (rarely white, especially in central Colombia)	gold,white	-	-	-	style straight,       	-	-	Fruit a |, lacking a haustorial disk; 	-	-	-	dull orange	-	orange	-	-	-	-	-	Shrub or small tree, mostly terrestrial, sometimes epiphytic on trees while parasitizing other epiphytes, 	epiphytic,terrestrial	small	-	-	-	-	-	-	-	-	-	-	-	-	-	-	-	-	-	-	     	-	-	-	-	-	-	-	-	-	-	-	-	-	-	-	-	-	-	-	-	-	-	-	-	Leaves in pairs, shiny, |, distinct; |, 	-	-	-	-	apex slightly attenuate, 	attenuate	to 8 x 4 cm	broadly lanceolate to ovate	lanceolate,ovate	-	about 1 cm long	-	-	-	-	-	-	-	-	-	-	-	-	-	-	-	-	-	-	-	-	-	-	
ORYCTANTHUS  	-	-	-	-	-	-	-	Flowers bisexual, small, 	small	-	-	-	yellow to dark red	dark red	-	6-merous (in the Guianas species)	-	style straight, with scarcely differentiated stigma. 	-	-	Fruit |, dicotylous embryo, 	-	-	-	green, yellow-green, red to purple or black	-	black,green,purple,red	-	-	-	-	-	     	-	-	-	-	-	-	-	-	-	-	epicortical roots from base of plant but not from stems, sometimes lacking at least at maturity. 	-	mat	-	-	-	-	-	-	-	Inflorescences |, individually a spike, 	-	-	-	-	-	-	-	-	-	-	-	-	-	-	-	-	-	solitary in leaf axil or sometimes clustered, sometimes arranged in a terminal, compound, squamate inflorescence	-	terminal	-	-	-	-	Leaves paired, 	-	-	-	-	-	-	-	-	-	-	-	venation palmate or pinnate, containing characteristic stellate fiber bundles along smaller veins. 	palmate,small	-	-	-	-	-	-	-	-	-	-	-	-	-	-	-	-	-	-	-	-	
Oryctanthus alveolatus 	-	-	-	-	-	-	-	Flowers strongly inclined forward, |, slightly less than half of which is ovary; |, strongly dimorphic; 	-	-	-	-	-	-	ca. 0.3 cm long	-	-	style reaching to upper anthers,       	-	-	Fruit |, inclined forward at about 45Â°.	-	-	-	greenish, apparently becoming reddish purple, sometimes with yellow base	-	green,purple,reddish	-	-	-	ovoid	ovoid	     	-	-	-	-	-	-	-	-	-	-	-	-	-	-	-	-	-	stems stout, terete. 	terete	-	Inflorescence |, when |, panicle-like compound groups where subtended by scale-leaves; 	-	-	-	-	-	-	-	-	-	-	-	-	to 5 cm long	peduncle stout, 	-	-	to 1 cm long	-	-	-	-	-	-	-	-	-	-	-	-	-	-	-	-	-	-	-	-	-	     	-	-	-	-	-	-	to 7 x 6 (14 x 11 cm), but commonly smaller	small	varying from orbicular to cordate, broadly ovate or rather narrowly elliptical	cordate,elliptical,narrow,orbicular,ovate	-	-	-	venation clearly palmate at least in broad-leaved forms,       	palmate	-	-	-	-	
Oryctanthus florulentus 	-	-	-	-	-	-	-	Flowers |, somewhat angular, |, 	angular	-	-	-	greenish, orange, or light red	green,orange,red	ca. 0.2 cm long	-	-	-	-	-	Fruit |, nearly perpendicular to axis.	-	-	-	orange-red	-	orange,red	-	-	-	rather bluntly elliptical	elliptical	     	-	-	-	-	-	-	-	-	-	-	-	-	-	internodes usually 	-	-	3 cm long or less	stems sharply angular until older, when becoming more or less terete; 	angular,terete	-	-	-	-	-	-	-	-	-	-	-	-	-	-	-	-	-	-	-	-	-	-	-	-	-	-	-	-	-	-	-	-	-	-	-	-	-	-	-	-	Petiole |, rounded at apex, acute at base; 	acute,rounded	-	-	-	-	-	mostly about 4 x 2 cm, rarely to 7.5 x 3.5 cm	-	broadly lanceolate	lanceolate	rather thin	thin	0.3 cm long	venation pinnate. 	-	-	-	mostly at low elevations	-	
Oryctanthus occidentalis 	-	-	-	-	-	-	-	-	-	-	-	-	-	-	-	-	-	-	-	-	-	-	-	-	-	-	-	-	-	-	-	-	-	-	-	-	-	-	-	-	-	-	-	-	-	-	-	-	-	-	-	-	-	-	-	-	-	-	-	-	-	-	-	-	-	-	-	-	-	-	-	-	-	-	-	-	-	-	-	-	-	-	-	-	-	-	-	-	-	-	-	-	-	-	-	-	-	-	-	-	-	-	-	-	-	-	-	-	-	-	-	-	
Oryctanthus occidentalis subsp.continentalis	-	-	-	-	-	-	-	     	-	-	-	-	-	-	-	-	-	-	-	-	Fruit |, perpendicular to axis.	-	-	-	green or green with yellow or red	-	green,red	0.3 (0.2) x 0.2 cm	-	-	-	-	-	-	-	-	-	-	-	-	-	-	-	-	-	-	-	-	-	-	-	-	-	-	-	-	-	-	-	-	-	-	-	-	-	-	-	-	-	-	-	-	-	-	-	-	-	-	Leaves |, variable in shape and venation, 	-	-	-	-	-	-	-	-	-	-	-	-	-	-	-	-	-	-	-	-	-	-	-	-	-	-	-	-	-	-	-	-	-	
ORYCTINA  	-	-	-	-	-	-	-	     	-	-	-	-	-	-	-	6-merous, sessile; 	sessile	-	-	-	-	-	-	-	-	-	-	-	-	-	-	-	     	-	-	-	-	-	-	-	-	-	-	at least some with basal epicortical roots. 	-	-	-	-	-	-	-	-	-	     	-	-	-	-	-	-	-	-	-	-	-	-	-	-	-	-	-	-	-	-	-	-	-	-	Leaves decussate, lacking stellate fiber bundles. 	-	-	-	-	-	-	-	-	-	-	-	-	-	-	-	-	-	-	-	-	-	-	-	-	-	-	-	-	-	-	-	-	-	
Oryctina atrolineata 	-	-	-	-	-	-	-	Flowers unisexual?, |, strongly dimorphic as are the minute, sessile, 	minute,sessile	-	-	-	-	-	0.2 cm long	-	-	style swollen in fusiform fashion in its upper portion,       	fusiform	-	Fruit barrel-shaped, 	-	-	-	waxy white when dry, with lacerate, brown calyculus	lacerate	brown,white	0.35 x 0.2 cm	-	-	-	-	     	-	-	-	-	-	-	-	-	-	-	-	-	-	internodes more or less terete, furfuraceous when young, glabrescent. 	terete	glabrescent	-	-	-	-	Flowers in small clusters in leaf axils, forming extremely short, sessile, 	sessile,short,small	-	-	-	-	-	-	-	-	-	-	-	-	-	-	-	-	-	-	-	-	-	-	-	-	-	-	-	-	-	-	-	-	-	-	-	-	-	Petiole |, 	-	-	apex rounded, often emarginate, 	rounded	base tapering abruptly to petiole; 	-	to 2 x 1.5 cm	-	broadly obovate to nearly orbicular	obovate,orbicular	fleshy	fleshy	0.1 cm long	venation obscure except for lower midrib which, when dry, forms a straight, dark line continuous at apex with dark leaf margin. 	-	-	-	-	-	
Oryctina myrsinites 	-	-	-	-	-	-	-	Flowers |, alternatingly small and button-like and larger, cordate; |, |, irregularly lacerate, |, straight. 	cordate,large,small	-	lacerate	regular	-	-	0.15 cm long	-	-	-	-	-	Fruit ovoid, |, drying |, sclerotic, torn, conspicuous on truncate apex.	ovoid,truncate	-	-	waxy white	-	white	0.3 x 0.2 cm	-	-	-	-	Sparsely branched plants with furfuraceous, slender internodes 	-	branched,slender	-	-	-	-	-	chocolate-brown	-	brown	epicortical roots only from base of plant; 	-	-	-	-	-	-	-	-	-	Inflorescence extremely short, spike-like, often several per axil, individual flowers sessile, subtending prophylls and bracts |, somewhat carinate, massive, glabrous, bracts caducous; 	carinate,sessile,short	-	-	-	glabrous	-	-	-	-	-	-	-	nearly 0.1 cm long	-	-	-	-	-	-	-	-	-	-	-	-	-	-	-	-	-	-	-	-	-	-	-	-	-	Petiole |, 	-	-	apex truncate to slightly emarginate, 	truncate	base acute, petiole, 	acute	mostly 2 x 1 cm, up to 4 x 2.5 cm	-	obovate	obovate	-	-	0.1-0.2 cm long	-	-	-	-	-	-	
PHTHIRUSA  	-	-	-	-	-	-	-	Flowers perfect or plants dioecious, |, small, 	perfect,small	-	-	-	dark red to creamy white	cream,dark red,white	-	4- or mostly 6-merous	-	style rather massive, with shape of anthers impressed upon it, and thus of uneven thickness. 	-	thick	     	-	-	-	-	-	-	-	-	-	-	-	     	-	-	-	-	-	-	-	-	-	-	usually epicortical roots from base of plant and, in some, also from branches. 	-	-	-	-	-	-	-	-	-	     	-	-	-	-	-	-	-	-	-	-	-	-	-	-	-	-	-	-	-	-	-	-	-	-	Leaves paired, petiolate. 	-	-	-	-	-	-	-	-	-	-	-	-	-	-	-	-	-	-	-	-	-	-	-	-	-	-	-	-	-	-	-	low elevations	-	
Phthirusa coarctata 	-	-	-	-	-	-	-	-	-	-	-	-	-	-	-	-	-	-	-	-	Fruit |, 	-	-	-	yellow	-	-	0.5 x 0.35 mm	-	-	ellipsoid	ellipsoid	     	-	-	-	-	-	-	-	-	-	-	-	-	-	-	-	-	-	-	-	-	Inflorescence solitary, 	-	-	-	-	-	-	-	-	-	-	-	-	to 3 cm long when in fruit	-	-	-	-	axillary	-	axillary	-	-	-	-	     	-	-	-	-	apex obtuse, 	obtuse	to 6 x 3 cm	(ob)lanceolate to somewhat obovate	(ob)lanceolate,obovate	-	to 0.6 cm long	venation pinnate. 	-	-	-	-	-	-	-	-	-	-	-	-	-	-	-	-	-	-	-	-	-	
Phthirusa disjectifolia 	-	-	-	-	-	-	-	Flowers |, in paired, sessile triads; 	sessile	-	-	-	-	-	to 0.15 cm long	4-merous	-	-	-	-	Fruit |, 	-	-	-	-	-	-	0.3 x 0.2 cm	-	-	ellipsoid	ellipsoid	     	-	-	-	-	-	-	-	-	-	-	basal epicortical roots few and slender; 	slender	-	internodes terete. 	terete	-	-	-	-	-	Inflorescence |, each |, very short-pedunculate. 	short	-	-	-	-	-	-	-	-	-	-	-	to 3 cm long	-	-	-	-	axillary and/or in elongated, terminal compound groups	elongate	axillary,terminal	-	-	-	-	Leaves 	-	-	-	-	-	-	-	-	-	-	-	venation obscure. 	-	-	-	-	-	-	-	-	-	-	-	-	-	-	-	-	-	-	-	-	-	
Phthirusa guyanensis 	-	-	-	-	-	-	-	-	-	-	-	-	-	-	-	-	-	-	-	-	Fruit |, 	-	-	-	pale orange	-	orange	0.4 x 0.3 cm	-	-	ellipsoid	ellipsoid	     	-	-	-	-	-	-	-	-	-	-	-	-	-	internodes 	-	-	to 7 cm long	-	-	-	-	-	-	-	-	-	-	-	-	-	-	-	-	-	-	-	-	-	-	-	-	-	-	-	-	     	-	-	-	-	apex rounded to very slightly emarginate, minutely apiculate, 	apiculate,minute,rounded	to 8 x 3.5 cm	oblanceolate to narrowly elliptic	elliptic,narrow,oblanceolate	-	0.5-1.5 cm long	venation pinnate, with 	-	-	-	-	-	-	-	-	-	-	-	-	-	-	-	-	-	-	Dioecious, male inflorescence not seen. 	-	-	
Phthirusa nitens 	-	-	-	-	-	-	-	Flowers 	-	-	-	-	-	-	0.5-0.6 cm long	-	-	-	-	-	Fruit not known.	-	-	-	-	-	-	-	-	-	-	-	     	-	-	-	-	-	-	-	-	-	-	-	-	-	-	-	-	-	stems terete, sparsely branched. 	branched,terete	-	Inflorescence solitary in leaf axils but also in small, |, with 	small	-	-	-	-	-	-	-	-	-	-	-	to 7 cm long	-	-	-	-	terminal	-	terminal	3-6 pairs	0.3-0.4 cm long	-	-	-	-	-	-	-	-	-	-	-	-	-	-	-	-	Petiole |, 	-	-	apex attenuate, 	attenuate	base acute. 	acute	to 7 x 2 cm	-	narrowly ovate	narrow,ovate	-	-	ca. 5 mm long	-	-	-	Dioecious. 	-	-	
Phthirusa podoptera 	-	-	-	-	-	-	-	Flowers bisexual. 	-	-	-	-	-	-	-	-	-	-	-	-	Fruit 	-	-	-	yellow	-	-	0.7 x 0.4 cm	-	-	obovoid-ellipsoid	ellipsoid,obovoid	Leafy plants, sparsely branched with long, slender, slightly compressed shoots soon becoming terete. 	-	branched,slender,terete	-	-	-	-	-	-	-	-	-	-	-	-	-	-	-	-	-	-	Inflorescence |, with |, with 	-	-	-	-	-	-	-	-	-	-	-	-	to 9 cm long	inflorescence peduncle 	-	-	to 2.5 cm long	-	-	-	5-8 pairs	-	-	-	Leaves |, 	-	-	-	-	-	-	-	-	-	-	-	venation pinnate. 	-	-	-	-	-	-	-	-	-	-	-	-	-	-	-	-	-	-	-	-	-	
Phthirusa pycnostachya 	-	-	-	-	-	-	-	Flowers bisexual. 	-	-	-	-	-	-	-	-	-	-	-	-	Fruit |, 	-	-	-	blue and yellow	-	blue	ca. 0.35 x 0.25 cm	-	-	ovoid-elliptical	elliptical,ovoid	     	-	-	-	-	-	-	-	-	-	-	basal epicortical roots present; 	-	-	internodes 	-	-	to 3.5 cm long	-	-	-	Inflorescences |, terete, without basal crater, beyond which 	terete	-	-	-	-	-	-	-	-	-	-	-	to 2.5 cm (rarely to 8 cm; Cremers et al. 12770, LEA)	peduncle 	-	-	about 1 cm or nearly absent	-	-	-	-	0.2-0.3 cm long	-	-	-	-	-	-	-	-	-	-	-	-	-	-	-	-	Petiole |, 	-	-	-	-	base obtuse; 	obtuse	to 7 x 6 cm	-	broadly elliptic to nearly orbicular	elliptic,orbicular	coriaceous	coriaceous	-	a number of strong palmate veins nearly reaching the apex. 	palmate	-	-	-	-	
Phthirusa pyrifolia 	-	-	-	-	-	-	-	Flowers sessile, laterals with 	sessile	lateral	-	-	-	-	-	-	-	-	-	-	Fruit |, rather blunt, at maturity 	-	-	mat	bright orange red with yellowish apex and dark, purple-green base	-	green,orange,purple,red	ca. 0.8 x 0.5 cm	-	-	ellipsoid	ellipsoid	-	-	-	-	-	-	-	-	-	-	-	-	-	-	-	-	-	-	-	-	-	Inflorescence 	-	-	-	-	-	-	-	-	-	-	-	-	6-8 cm long or more	-	-	-	-	sometimes clustered but not in terminal groups	-	terminal	-	-	-	-	-	-	-	-	-	-	-	-	-	-	-	-	-	-	Petiole distinct, |, somewhat compressed and keeled; |, shiny when fresh, |, 	-	-	apex somewhat attenuate or even mucronate, 	attenuate	base obtuse to truncate; 	obtuse,truncate	ca. 10 (-18) x 4-5 cm but sometimes larger	large	broadly lanceolate	lanceolate	rather thin	thin	ca. 1 cm long	venation pinnate. 	-	-	-	-	-	
Phthirusa rufa 	-	-	-	-	-	-	-	Flowers sessile, |, dimorphic, |, 	sessile	-	-	-	yellowish to bright red	bright red	0.5 cm long	-	-	style 	-	-	Fruit 	-	-	-	purplish	-	purplish	1 x 0.6 cm	-	-	ellipsoid	ellipsoid	     	-	-	-	-	-	-	-	-	-	-	-	-	-	-	-	-	-	stems terete. 	terete	-	Inflorescence solitary and simple when in axils of several pairs of upper leaves, |, often grading into a 	-	-	-	-	-	-	-	-	-	-	-	-	-	peduncle 	-	-	1.5 cm long	terminal	-	terminal	-	0.2-0.5 cm long	-	-	-	-	-	-	-	-	-	-	-	-	-	-	-	-	Petiole |, 	-	-	apex acute, 	acute	base truncate or nearly so; 	truncate	to 18 x 5 cm	-	ovate-lanceolate	lanceolate,ovate	leathery	leathery	2 cm long	venation pinnate,       	-	-	Dioecious. 	-	-	
Phthirusa stelis 	Flower bud |, female rather acute and narrow, male blunt. 	acute,narrow	-	to 0.6 cm long	-	-	-	-	-	-	-	-	-	-	-	-	-	-	-	-	Fruit 	-	-	-	brick red to orange	-	brick red,orange	to 1 x 0.5 cm	-	-	ellipsoid	ellipsoid	     	-	-	-	-	-	-	-	-	-	-	-	-	-	-	-	-	-	-	-	-	Inflorescence |, in the former case always and in the latter case often compound, consisting of a terminal raceme plus |, terminating in a bract and 	-	-	terminal	-	-	-	-	-	-	-	-	-	to 15 cm	-	-	-	-	both terminal and axillary	-	axillary,terminal	about 12 pairs	to 0.2 cm	-	-	-	-	-	-	-	-	-	-	-	-	-	-	-	-	Petiole |, 	-	-	apex usually attenuate and base obtuse. 	attenuate,obtuse	-	-	to 14 x 7.5 cm	-	broadly ovate	ovate	-	-	about 1 cm long	-	-	-	Dioecious. 	lowland	lowland	
Phthirusa stenophylla 	-	-	-	-	-	-	-	-	-	-	-	-	-	-	-	-	-	-	-	-	Fruit 	-	-	-	greyish green with white dots	-	green,grey,white	0.6 x 0.3 cm	-	-	ellipsoid	ellipsoid	     	-	-	-	-	-	-	-	-	-	-	-	-	-	internodes 	-	-	to 8 cm long	-	-	-	Inflorescence |, |, followed by 	-	-	-	-	-	-	-	-	-	-	-	-	to 1.5 cm	peduncle 	-	-	0.2-0.5 cm	-	-	-	-	ca. 0.4 cm	-	-	-	-	-	-	-	-	-	-	-	-	-	-	-	-	Petiole |, very |, 	-	-	apex acute, apiculate, 	acute,apiculate	base acute; 	acute	to 4 x 0.8 cm	-	narrowly lanceolate	lanceolate,narrow	thin	thin	0.1-0.2 cm long	obscure venation except for midrib. 	-	-	-	-	-	
Phthirusa trichodes 	-	-	-	-	-	-	-	     	-	-	-	-	-	-	-	-	-	-	-	-	Fruit |, with small, smooth, 	small	smooth	-	-	-	-	0.4 x 0.2 cm	-	-	ellipsoid	ellipsoid	Very small and delicate species, haustorial saddle |, lacking epicortical roots; 	-	small	-	-	-	-	-	-	-	-	-	-	-	internodes terete, 	terete	-	mostly less than 1 cm long	-	-	-	Inflorescence |, with extremely slender, pubescent peduncle and 	slender	-	-	-	-	-	-	-	-	-	-	-	ca. 0.5 cm long, to 1 cm in fruit	-	-	-	-	-	-	-	-	-	-	-	-	-	-	-	-	-	-	-	-	-	-	-	-	-	Petiole 	-	-	-	-	-	-	to 1.5 x 0.8 cm	-	lanceolate	lanceolate	very thin	thin	0.1-0.2 cm long	delicate, basally pinnate venation. 	-	-	-	-	-	
PSITTACANTHUS  	-	-	-	-	-	-	-	Flowers large, mostly pedicellate (sessile in 	large,sessile	-	-	-	usually brightly colored in red or red and yellow	colored	-	6-merous	-	-	-	-	     	-	-	-	-	-	-	-	-	-	-	-	     	-	-	-	-	-	-	-	-	-	-	epicortical roots mostly lacking; 	-	-	-	-	-	-	stems terete or quadrangular. 	quadrangular,terete	-	Inflorescences indeterminate racemes or umbels of triads or dyads, 	-	-	-	-	-	-	-	-	-	-	-	-	-	-	-	-	-	former in terminal or subterminal positions, latter axillary	-	axillary,terminal	-	-	-	-	     	-	-	-	-	-	-	-	-	-	-	-	-	-	-	-	-	-	-	-	-	-	-	-	-	-	-	-	-	-	-	-	-	-	
Psittacanthus acinarius 	Flower bud |, with clavate, blunt tip; |, spongy "ligule" at tip encasing stigma and tips of upper stamen series; |, stout, |, blunt, overlapping slightly; |, finely papillate, placed well above anthers. 	clavate	papillate	-	-	style straight,       	-	-	-	-	-	-	-	-	-	-	-	-	-	-	Fruit 	-	-	-	purple with pink base	-	pink,purple	2 x 1 cm	-	-	ovate	ovate	     	-	-	-	-	-	-	-	-	-	-	-	-	-	-	-	-	-	-	-	-	Inflorescence 	-	-	-	-	-	-	calyculus smooth or irregularly dentate. 	smooth	dentate	regular	-	-	-	-	-	-	-	terminal and in nearby axils	-	terminal	-	-	-	-	     	-	-	-	-	-	-	to 11 x 11 cm	irregularly orbicular-obovate or asymmetrical	asymmetrical,obovate,orbicular	regular	-	venation pinnate. 	-	-	-	-	-	-	-	-	-	-	-	-	-	-	-	-	-	-	-	-	-	
Psittacanthus clusiifolius 	Flower bud |, including |, reflexing only at expanded tip; 	-	-	8.5 cm long (12 cm in Mori et al. 25307)	-	style nearly as long as bud, with conspicuous, capitate stigma. 	capitate	-	-	-	-	-	-	-	-	-	-	-	-	-	Fruit 	-	-	-	purplish black	-	black,purplish	1.1 x 0.7 cm	-	-	ellipsoid	ellipsoid	-	-	-	-	-	-	-	-	-	-	-	-	-	-	-	-	-	-	-	-	-	Inflorescence apparently |, bearing |, with inconspicuous bract, 	-	-	-	-	-	-	calyculus smooth. 	smooth	-	-	-	-	-	-	-	-	-	not truly terminal, but rather axillary to upper 2 leaves	-	axillary,terminal	-	-	-	-	-	-	-	-	-	-	-	-	-	-	-	-	-	-	Petiole stout, |, 	-	-	apex rounded, 	rounded	base acute to nearly obtuse; 	acute,obtuse	to 12 x 5 cm	-	elliptical	elliptical	leathery	leathery	to 1 cm long	evident pinnate venation. 	-	-	-	-	-	
Psittacanthus cordatus 	Flower bud straight to slightly curved, |, |, rather blunt at both ends; |, 	curved	-	1 cm long tip expanded to 0.4 cm thick	thick	style straight, 	-	-	-	-	-	-	-	-	-	-	-	-	-	-	Fruit |, 	-	-	-	-	-	-	1 x 0.8 cm	-	-	-	-	-	-	-	-	-	-	-	-	-	-	-	-	-	-	-	-	-	-	-	-	-	Inflorescence |, at least lower portions very finely granular, with |, latter with |, obscuring entire ovary or nearly so at anthesis, 	-	granular	-	entire	-	-	cayculus smooth. 	smooth	-	-	-	-	-	inflorescence peduncle and triad peduncle 	-	-	about 1 cm long	mostly terminal, often with smaller units in nearby leaf axils	small	terminal	2-3 pairs	-	-	-	     	-	-	-	-	apex rounded, 	rounded	to 10 x 5 cm	-	-	-	-	venation palmate. 	palmate	-	-	-	-	-	-	-	-	-	-	-	-	-	-	-	-	-	-	-	-	
Psittacanthus cucullaris 	Flower bud straight and slender, clavate, |, the acute tip showing |, |, |, with some very long, |, capitate, lodged against petal tips beyond anthers. 	acute,capitate,clavate,slender	-	-	-	style straight and slender,       	slender	-	-	-	-	-	-	-	-	-	-	-	-	-	Fruit |, basal half sheathed in enlarged cupule; 	large	-	-	blackish	-	black	-	-	-	ovoid	ovoid	-	-	-	-	-	-	-	-	-	-	-	-	-	-	-	-	-	-	-	-	-	Inflorescence |, terminating in a conspicuous, clasping bract which is variable in size, sometimes (perhaps only in the Guianas area) being large and broadly foliaceous; |, usually narrow, thick-walled, |, |, which is almost doubled in length by erect, smooth calyculus	large,narrow	smooth	-	-	-	erect	-	-	-	-	-	-	-	-	-	-	-	terminal and in nearby axils	-	terminal	-	1-1.5 cm long	-	-	-	-	-	-	-	-	-	-	-	-	-	-	-	-	Petiole |, 	-	-	-	-	base cuneately tapering into flat; 	cuneate,flat	to 20 x 7 cm	-	ovate to lanceolate, often asymmetrical	asymmetrical,lanceolate,ovate	-	-	to 5 mm long	venation palmate, with 3-5 large, obvious veins running most of the length of blade. 	large,palmate	-	-	lowlands	lowland	
Psittacanthus eucalyptifolius 	Flower bud |, strongly sigmoid, |, tip expanded |, rather blunt; |, opening for at least 3/4; |, 	-	-	ca. 3.5 cm long	-	-	-	-	-	-	-	-	-	-	-	-	-	-	-	-	Fruit |, with well developed calyculus.	well developed	-	-	-	-	-	1.2 x 0.8 cm	-	-	-	-	-	-	-	-	-	-	-	-	-	-	-	-	-	-	-	-	-	-	-	-	-	Innovations and inflorescence with craterlike scar, latter |, with short, wide, blunt bract; 	short,wide	-	-	-	-	-	-	-	-	-	-	-	-	inflorescence peduncle 	-	-	1.5-3 cm	axillary	-	axillary	-	ca. 1 cm	-	-	     	-	-	-	-	-	-	to 12 x 6 cm	broadly ovate to lanceolate	lanceolate,ovate	-	0.3-0.4 cm long	venation pinnate. 	-	-	-	-	-	-	-	-	-	-	-	-	-	-	-	-	-	-	-	-	-	
Psittacanthus grandifolius 	     	-	-	-	-	style as long as petals, 	-	-	-	-	-	-	-	-	-	-	-	-	-	-	Fruit 	-	-	-	black	-	black	1 x 0.6 cm	-	-	ovoid	ovoid	Rather large plants with terete stems. 	-	large,terete	-	-	-	-	-	-	-	-	-	-	-	-	-	-	-	-	-	-	Inflorescence |, mostly an umbel of |, ramifications |, 	-	-	-	-	-	-	-	-	-	-	-	-	-	inflorescence peduncle 	-	-	to 1 cm	axillary	-	axillary	-	-	-	-	-	-	-	-	-	-	-	-	-	-	-	-	-	-	Petiole stout, |, 	-	-	apex acute, sometimes attenuate, 	acute,attenuate	base obtuse to nearly truncate, 	obtuse,truncate	to 17 x 7 cm	-	ovate	ovate	leathery	leathery	0.2-0.6 cm long	venation pinnate, lower midrib very prominent. 	-	-	-	-	-	
Psittacanthus lasianthus 	Flower bud deep |, |, with conspicuous, smooth connectival horn |, long, 	-	smooth	4-4.5 cm long	-	style reaching tips of upper anthers,       	-	-	-	-	-	-	-	-	-	-	-	-	-	-	Fruit becoming 	-	-	-	black	-	black	1 x 0.8 cm	-	-	-	-	     	-	-	-	-	-	-	-	-	-	-	-	-	-	internodes short, 	short	-	1.5-3 cm long	-	-	-	Inflorescence an |, |, with conspicuous cupule; |, nearly glabrous; 	-	-	-	-	glabrous	-	calyculus entire. 	-	entire	-	-	-	-	peduncle of inflorescence and triad 	-	-	0.7-0.9 cm	axillary	-	axillary	-	-	-	-	-	-	-	-	-	-	-	-	-	-	-	-	-	-	Petiole massive, |, glaucous when young, 	-	-	-	-	-	-	to 8 x 5 cm	-	broadly ovate to nearly orbicular or somewhat spathulate	orbicular,ovate,spathulate	fleshy	fleshy	to 1 cm long	venation obscure. 	-	-	-	-	-	
Psittacanthus melinonii 	Flower bud straight and slender, |, of which |, with an indistinct neck |, inserted |, acicular, with 4 rows of minute locules dehiscing separately, anther back with numerous long, unbranched, 	acicular,dehiscing,minute,separate,slender,unbranched	-	ca. 7 cm long	-	style as long as flower bud,       	-	-	-	-	-	-	-	-	-	-	-	-	-	-	-	-	-	-	-	-	-	-	-	-	-	-	Medium sized plants, young stems glabrous, somewhat angular, becoming terete. 	-	angular,terete	glabrous	-	-	-	-	-	-	-	-	-	-	-	-	-	-	-	-	-	Inflorescence |, apparently on leafless older wood, consisting of |, |, slightly furfuraceous; 	-	-	-	-	-	-	-	-	-	-	-	-	-	inflorescence peduncle 	-	-	0.4 cm	axillary only?	-	axillary only?	a pair	-	-	-	     	-	-	-	-	-	-	to 10 x 5 cm	obovate	obovate	-	1-1.5 cm long	venation obscure but pinnate. 	-	-	-	-	-	-	-	-	-	-	-	-	-	-	-	-	-	-	-	-	-	
Psittacanthus peronopetalus 	Flower bud straight, |, dorsifixed in short sleeve of anther, and attached 	short	-	-	-	style more or less straight,       	-	-	-	-	-	-	-	-	-	-	-	-	-	-	Fruit 	-	-	-	deep red	-	red	1 x 0.5 cm	-	-	ellipsoid	ellipsoid	-	-	-	-	-	-	-	-	-	-	-	-	-	-	-	-	-	-	-	-	-	Inflorescence (mostly) |, often clustered near branch tips, each a frequently long-stalked raceme, |, |, entire; 	-	-	-	entire	-	-	calyculus irregularly crenate. 	-	crenate	regular	-	-	-	inflorescence peduncle 	-	-	to 3 cm long	lateral	-	lateral	ca. 4 pairs	-	-	-	     	-	-	-	-	apex somewhat attenuate, 	attenuate	to 15 x 6 cm	narrowly ovate	narrow,ovate	-	0.2-0.5 cm long	venation pinnate but inconspicuous. 	-	-	-	-	-	-	-	-	-	-	-	-	-	-	-	-	-	-	-	-	-	
Psittacanthus plagiophyllus 	Flower bud (minus ovary) |, straight, |, |, 	-	-	3 cm long	-	-	-	-	-	-	-	-	-	-	-	-	-	-	-	-	Fruit unknown.	-	-	-	-	-	-	-	-	-	-	-	-	-	-	-	-	-	-	-	-	-	-	-	-	-	-	-	-	-	-	-	-	Inflorescence in upper axils, especially crowded at stem tip, each an umbel of |, |, expanding into a cupule |, which is 	-	-	-	-	-	-	calyculus irregulary but not deeply torn. 	-	-	regular	-	-	-	inflorescence peduncle 	-	-	to 3 cm long	-	-	-	-	-	-	-	-	-	-	-	-	-	-	-	-	-	-	-	-	-	     	-	-	-	-	base of blade acutely tapering; 	acute	to 12 x 2 cm	-	-	-	stiff	stiff	-	venation rather obscure, pinnate. 	-	-	-	-	-	
Psittacanthus redactus 	Flower bud slender, without constrictions or dilations, |, gradually tapering to an acute apex; |, |, dorsifixed near the middle; 	acute,slender	-	-	-	style nearly as long as petals,       	-	-	-	-	-	-	-	-	-	-	-	-	-	-	Fruit unknown.	-	-	-	-	-	-	-	-	-	-	-	Medium-sized plant with fairly terete stems and 	-	terete	-	-	-	-	-	-	-	-	-	-	-	-	-	-	-	-	-	-	Inflorescence an umbel of 	-	-	-	-	-	-	calyculus more or less smooth. 	smooth	-	-	-	-	-	inflorescence peduncle 	-	-	-	-	-	-	-	-	-	-	Leaves decussate but members of a pair frequently separated |, small axillary corky craters present; |, 	separate,small	axillary	-	-	apex blunt to slightly apiculate, 	apiculate	to 11 x 4 cm	lanceolate to slightly obovate	lanceolate,obovate	-	at least 0.5 cm long	pinnate venation evident especially above. 	-	-	-	-	-	-	-	-	-	-	-	-	-	-	-	-	-	-	-	-	-	
Psittacanthus robustus 	Flower bud |, straight and slender to very slightly arched, |, narrowing to nearly half that, the |, almost filiform, |, implanted |, rounded at both ends.	filiform,narrow,rounded,slender	-	to 8 cm long	-	-	-	-	-	-	-	-	-	-	-	-	-	-	-	-	-	-	-	-	-	-	-	-	-	-	-	-	Large, glabrous plants, stems somewhat angular when young, becoming terete. 	-	angular,terete	glabrous	-	-	-	-	-	-	-	-	-	-	-	-	-	-	-	-	-	Inflorescence crowded |, each an umbel of |, |, shallowly and irregularly dentate. 	-	-	-	dentate	-	regular	calyculus 	-	-	-	-	-	-	inflorescence peduncle 	-	-	to 6 cm	in uppermost leaf axils, not terminal	-	terminal	-	-	-	-	Leaves 	-	-	-	-	-	-	-	-	-	-	-	venation obscure. 	-	-	-	-	-	-	-	-	-	-	-	-	-	-	-	-	-	-	-	-	-	
STRUTHANTHUS  	-	-	-	-	-	-	-	Flowers |, inconspicuous and small, 	small	-	-	-	usually greenish white	green,white	-	6-merous	-	-	-	-	Fruit an |, |, dicotylous. 	-	-	-	orange, reddish or blue	-	blue,orange,reddish	-	-	-	-	-	     	-	-	-	-	-	-	-	-	-	-	epicortical roots both at base of plant and on twigs. 	-	-	-	-	-	-	-	-	-	Inflorescences solitary or clustered, |, an indeterminate spike or raceme of paired triads. 	-	-	-	-	-	-	-	-	-	-	-	-	-	-	-	-	-	axillary	-	axillary	-	-	-	-	Leaves paired. 	-	-	-	-	-	-	-	-	-	-	-	-	-	-	-	-	-	-	-	-	-	-	-	-	-	-	-	-	-	-	Dioecious. 	-	-	
Struthanthus concinnus 	-	-	-	-	-	-	-	Flowers not seen. 	-	-	-	-	-	-	-	-	-	-	-	-	Fruit 	-	-	-	orange or brownish	-	brown,orange	0.8 x 0.4 cm	-	-	ellipsoid	ellipsoid	     	-	-	-	-	-	-	-	-	-	-	bearing occasional epicortical roots; 	-	-	internodes terete or slightly compressed. 	terete	-	-	-	-	-	Inflorescence a raceme |, with |, 	-	-	-	-	-	-	-	-	-	-	-	-	to 3 cm long	peduncle 	-	-	1-1.5 cm long	-	-	-	3 or 4 pairs	-	-	-	-	-	-	-	-	-	-	-	-	-	-	-	-	-	Petiole |, discrete; |, acute at both ends; 	acute	-	-	-	-	-	to 8 x 2.5 cm	-	lanceolate	lanceolate	-	-	to 1 cm long	-	-	-	-	-	-	
Struthanthus dichotrianthus 	-	-	-	-	-	-	-	     	-	-	-	-	-	-	-	-	-	-	-	-	Fruit 	-	-	-	dull orange	-	orange	0.8 x 0.5 cm	-	-	ellipsoid	ellipsoid	     	-	-	-	-	-	-	-	-	-	-	-	-	-	internodes terete or slightly angled, 	terete	-	-	-	-	-	Inflorescence a slender raceme of |, 	slender	-	-	-	-	-	-	-	-	-	-	-	-	peduncle 	-	-	0.4-0.7 cm	-	-	-	1(2) pairs	-	-	-	-	-	-	-	-	-	-	-	-	-	-	-	-	-	Petiole slender, |, 	slender	-	-	-	-	-	mostly to 3(rarely -9) x 1(-3) cm	-	narrowly lanceolate	lanceolate,narrow	thin	thin	0.2-0.5 cm long	-	-	-	-	-	-	
Struthanthus gracilis 	-	-	-	-	-	-	-	Flower 	-	-	-	-	pale green	green	0.4 cm long	-	-	style nearly as long as petals,       	-	-	Fruit 	-	-	-	bright yellow	-	-	at least 0.5 x 0.35 cm	-	-	ellipsoid	ellipsoid	     	-	-	-	-	-	-	-	-	-	-	-	-	-	internodes terete, often bearing epicortical roots. 	terete	-	-	-	-	-	Inflorescence mostly solitary in leaf axils, |, bearing 	-	-	-	-	-	-	-	-	-	-	-	-	to 6 cm long	-	-	-	-	-	-	-	5-7 pairs	-	-	-	-	-	-	-	-	-	-	-	-	-	-	-	-	-	Petiole |, 	-	-	-	-	-	-	-	-	-	-	-	-	0.5-0.7 cm long	venation pinnate. 	-	-	-	-	-	
Struthanthus syringifolius 	-	-	-	-	-	-	-	     	-	-	-	-	-	-	-	-	-	-	-	-	Fruit ovoid, 	ovoid	-	-	-	-	-	to 1.2 x 0.8 cm	-	-	-	-	     	-	-	-	-	-	-	-	-	-	-	-	-	-	-	-	-	-	straight stems more or less terete at least when mature. 	terete	mat	Inflorescence |, nearly half of which may be peduncle; |, terminating in a persistent involucre of 	-	-	-	-	-	-	-	-	-	-	-	-	to 6 cm long	-	-	-	-	-	-	-	-	to 0.5 (-1) cm long	-	-	-	-	-	-	-	-	-	-	-	-	-	-	-	-	Petiole |, distinct; |, 	-	-	apex acute to somewhat caudate, 	acute	base acute to slightly obtuse; 	acute,obtuse	to 15 x 7 cm	-	broadly lanceolate	lanceolate	-	-	to 2 cm long	venation evident, pinnate. 	-	-	-	-	-	
TRIPODANTHUS  	-	-	-	-	-	-	-	Flowers bisexual, 	-	-	-	-	-	-	-	6-merous	-	-	-	-	Fruit 	-	-	-	blackish	-	black	-	-	-	ovoid	ovoid	Large, glabrous plants parasitic on branches and roots of numerous trees, with epicortical roots produced from the base and from some older stems. 	-	-	glabrous	-	-	-	-	-	-	-	-	-	-	-	-	-	-	-	-	-	Inflorescence |, an (often) determinate raceme of paired, pedunculate triads, 	-	-	-	-	-	-	-	-	-	-	-	-	-	-	-	-	-	axillary and/or terminal	-	axillary,terminal	-	-	lanceolate to ovate	lanceolate,ovate	Leaves decussate, petiolate. 	-	-	-	-	-	-	-	-	-	-	-	-	-	-	-	-	-	-	-	-	-	-	-	-	-	-	-	-	-	-	-	2000 m	-	
Tripodanthus acutifolius 	-	-	-	-	-	-	-	Flowers sunken in inflorescence axis, unisexual, |, at least female without aborted organs of opposite sex; 	-	-	-	-	-	-	-	2-4-merous	-	-	-	-	Fruit a 	-	-	-	-	-	-	-	-	-	-	-	Leafy to squamate plants. 	-	-	-	-	-	-	-	-	-	-	-	-	-	-	-	-	-	-	-	-	-	-	-	-	-	-	-	-	-	-	-	-	-	-	-	-	-	-	-	-	-	-	-	-	-	Leaves decussate. 	-	-	-	-	-	-	-	-	-	-	-	-	-	-	-	-	-	-	-	-	-	-	-	-	-	-	-	-	-	-	Monoecious or dioecious. 	-	-	
VISCACEAE  	-	-	-	-	-	-	-	-	-	-	-	-	-	-	-	-	-	-	-	-	Fruit commonly |, with persistent perianth segments; |, as is the weakly differentiated, dicotylous embryo. 	-	-	-	white	-	white	-	-	-	-	-	     	-	-	-	-	-	-	-	-	-	-	-	-	-	internodes terete or somewhat angled; 	terete	-	-	-	-	-	Inflorescences |, in axils of leaf scales or foliage leaves, solitary or in clusters, rarely in compound inflorescences, being a spike with a peduncle of at least one internode and one or more terminal, 	-	-	terminal	-	-	-	-	-	-	-	-	-	-	-	-	-	-	axillary (very rarely terminal)	-	axillary,terminal	-	-	-	-	     	-	-	-	-	-	-	-	-	-	-	-	-	-	-	-	-	-	-	-	-	-	-	-	-	-	-	-	-	-	-	Monoecious or dioecious, in the former case with diverse patterns of sex distribution on spikes and/or individuals. 	high elevations	-	
DENDROPHTHORA  	-	-	-	-	-	-	-	-	-	-	-	-	-	-	-	-	-	-	-	-	Fruit |, 	-	-	-	white	-	white	0.25 x 0.2 cm	perianth segments 	-	ovoid	ovoid	Diffusely branched plants, 	-	branched	-	-	1 pair	extremely low (sometimes to 0.3 cm above axil on larger secondary branches)	large	yellowish to deep green	-	green	-	-	-	internodes terete, 	terete	-	to 3 cm long	-	-	-	Inflorescence mostly solitary, 	-	-	-	-	-	-	-	-	-	-	1 or 2	1-3	to 0.4 cm long	peduncle 	-	-	0.05-0.1 cm	-	-	-	-	-	-	-	-	-	-	-	-	-	-	-	-	-	-	-	-	-	     	-	-	-	-	-	-	to 2 x 0.2 cm	-	narrowly lanceolate	lanceolate,narrow	-	-	-	-	-	-	Monoecious, male and female flowers on same inflorescence, former often above latter. 	High altitudes	-	
Dendrophthora decipiens 	-	-	-	-	-	-	-	-	-	-	-	-	-	-	-	-	-	-	-	-	Fruit unknown.	-	-	-	-	-	-	-	-	-	-	-	Plants 	-	-	-	-	1 or 2 pairs	-	-	dark brown	-	brown	-	-	-	-	-	-	-	-	-	-	Inflorescence |, with 	-	-	-	-	-	-	-	-	-	-	-	4-6	to 2.5 cm long	-	-	-	-	-	-	-	-	-	-	-	-	-	-	-	-	-	-	-	-	-	-	-	-	-	Petiole |, about half as wide. 	wide	-	-	-	-	-	-	-	ovate-elliptical	elliptical,ovate	-	-	0.4-0.7 cm long	-	-	-	Monoecious. 	-	-	
Dendrophthora densifrons 	-	-	-	-	-	-	-	-	-	-	-	-	-	-	-	-	-	-	-	-	Fruit |, tuberculate when young, 	-	tuberculate	-	white	-	white	0.5 x 0.6 cm	perianth segments small, 	small	ovoid to nearly spherical	ovoid,spherical	     	-	-	-	-	1 pair	to 0.5 cm above axil	-	-	-	-	-	-	-	-	-	-	-	-	-	-	Inflorescence |, simple; |, normally with |, lowest several female. 	-	-	-	-	-	-	-	-	-	-	usually 1	-	ca. 0.3 cm long	peduncle 	-	-	0.1 cm	-	-	-	-	-	elliptical to somewhat ovate	elliptical,ovate	-	-	-	-	-	-	-	-	-	-	-	-	-	-	-	-	-	-	-	-	-	-	-	-	-	-	-	-	-	-	-	Monoecious. 	-	-	
Dendrophthora elliptica 	-	-	-	-	-	-	-	-	-	-	-	-	-	-	-	-	-	-	-	-	-	-	-	-	-	-	-	-	-	-	-	-	     	-	-	-	-	-	-	-	-	-	-	-	-	-	-	-	-	-	stems terete. 	terete	-	-	-	-	-	-	-	-	-	-	-	-	-	-	-	-	-	-	-	-	-	-	-	-	-	-	-	-	-	-	-	-	-	-	-	-	-	-	-	-	Petiole |, 	-	-	apex rounded, 	rounded	base cuneately grading into massive, indistinct petiole; 	cuneate	to 8 x 3.5 cm	-	obovate	obovate	leathery	leathery	0.2-0.5 cm long	venation obscure. 	-	-	Dioecious. 	-	-	
Dendrophthora fanshawei 	-	-	-	-	-	-	-	-	-	-	-	-	-	-	-	-	-	-	-	-	Fruit unknown.	-	-	-	-	-	-	-	-	-	-	-	     	-	-	-	-	usually 2 pairs	-	-	-	-	-	-	-	-	-	-	-	-	-	-	-	Inflorescences 	-	-	-	-	-	-	-	-	-	-	3 or 4	3-7	to 2 cm long	-	-	-	-	both terminal and axillary	-	axillary,terminal	-	-	obovate to elliptic	elliptic,obovate	-	-	-	-	-	-	-	-	-	-	-	-	-	-	-	-	-	-	-	-	-	-	-	-	-	-	-	-	-	-	-	-	-	-	
Dendrophthora perfurcata 	-	-	-	-	-	-	-	-	-	-	-	-	-	-	-	-	-	-	-	-	Fruit |, 	-	-	-	white	-	white	-	perianth segments reflexed.	-	spherical	spherical	Small, 	-	-	-	-	1 pair	to 1 cm above axil	-	-	-	-	-	-	-	-	-	-	-	-	-	-	Inflorescence about half as long as subtending leaf, 	-	-	-	-	-	-	-	-	-	-	1(2)	3 or 4	-	peduncle 	-	-	0.2 cm long	axillary only	-	axillary only	-	-	narrowly lanceolate	lanceolate,narrow	-	-	-	-	-	-	-	-	-	-	-	-	-	-	-	-	-	-	-	-	-	-	-	-	-	-	-	-	-	-	-	-	-	-	
Dendrophthora roraimae 	-	-	-	-	-	-	-	-	-	-	-	-	-	-	-	-	-	-	-	-	Fruit broadly ovoid, |, 	ovoid	-	-	-	-	-	0.4 x 0.4 cm	perianth segments more or less open.	-	-	-	 |, rarely with a second pair. 	-	-	-	-	-	-	-	Olivegreen to tawny or bronze plants, in part covered with innumerable yellow spots giving a granular appearance	granular	green	-	-	-	-	-	-	-	-	-	-	Inflorescence fairly stout, |, followed by 	-	-	-	-	-	-	-	-	-	-	-	-	to 4 cm long	-	-	-	-	-	-	-	-	-	-	-	-	-	-	-	-	-	-	-	-	-	-	-	-	-	Petiole |, 	-	-	apex obtuse to rounded, 	obtuse,rounded	base tapering into stout, indistinct petiole; 	-	to 9 x 7 cm	-	ellipsoid to ovate	ellipsoid,ovate	coriaceous	coriaceous	ca. 0.5 cm long	venation obscure but apparently basal-palmate. 	palmate	-	-	-	-	
Dendrophthora warmingii 	-	-	-	-	-	-	-	Flowers small, sessile and often sunken in small axial cavities, |, occurring in diverse monoecious or dioecious patterns. 	sessile,small	-	-	-	-	-	-	3-(4-)merous	-	-	-	-	Fruit a berry, smooth to warty, mostly |, 	-	smooth	-	white, yellowish or red	-	red,white	-	perianth segments of female flower persistent, closed, 	-	-	-	     	-	-	-	-	-	-	-	-	-	-	-	-	-	internodes terete or angled. 	terete	-	-	-	-	-	     	-	-	-	-	-	-	-	-	-	-	-	-	-	peduncle simple or with several squamate, sterile internodes, followed by one to several fertile internodes; 	-	-	-	-	-	-	-	-	-	-	Leaves entire, petiolate or sessile, venation pinnate to palmate. 	palmate,sessile	-	entire	-	-	-	-	-	-	-	-	-	-	-	-	-	-	-	-	-	-	-	-	-	-	-	-	-	-	-	-	-	-	
PHORADENDRON  	-	-	-	-	-	-	-	-	-	-	-	-	-	-	-	-	-	-	-	-	Fruit |, 	-	-	-	white	-	white	0.04 x 0.025 cm	perianth segments small, 	small	ellipsoid	ellipsoid	     	-	-	-	-	1 pair	0.2-0.3 cm above base	-	-	-	-	-	-	-	internodes sharply keeled, 	-	-	6-10 cm	-	-	-	-	-	-	-	-	-	-	-	-	-	-	-	-	-	-	-	-	-	-	-	-	-	-	lanceolate	lanceolate	-	-	-	-	-	-	-	-	-	-	-	-	-	-	-	-	-	-	-	-	-	-	-	-	-	-	-	-	-	-	-	Dioecious, male plants not seen. 	-	-	
Phoradendron acuminatum 	-	-	-	-	-	-	-	-	-	-	-	-	-	-	-	-	-	-	-	-	Fruit |, 	-	-	-	-	-	-	0.6 x 0.4 cm	perianth segments closed.	-	ellipsoid	ellipsoid	Small, leafless plants, 	-	-	-	-	-	-	-	orange-brown	-	brown,orange	-	-	-	internodes terete, stout, 	terete	-	2-3 cm long	-	-	-	Inflorescences clustered at nodes, |, sometimes with several sterile internodes, 	 nodes	-	-	-	-	-	-	-	-	-	-	mostly 3	to 1.5 cm long	peduncle mostly simple, 	-	-	0.2-0.4 cm	-	-	-	-	-	-	-	-	-	-	-	-	-	-	-	-	-	-	-	-	-	-	-	-	-	-	-	-	-	-	-	-	-	-	-	-	-	-	Monoecious. 	-	-	
Phoradendron aphyllum 	-	-	-	-	-	-	-	-	-	-	-	-	-	-	-	-	-	-	-	-	Fruit |, 	-	-	-	yellowish-orange	-	orange	ca. 0.3 x 0.3 cm	perianth segments closed.	-	globose	globose	     	-	-	-	-	1 pair	ca. 0.5 cm above base	-	-	-	-	-	-	-	internodes 	-	-	to 14(18) cm long	-	-	-	Inflorescence |, simple (rarely double), followed by 	-	-	-	-	-	-	-	-	-	-	-	-	to 5 cm long	peduncle 	-	-	0.3-0.5 cm	-	-	-	-	-	-	-	-	-	-	-	-	-	-	-	-	-	-	-	-	-	Petiole |, 	-	-	apex rounded, 	rounded	base contracted into indistinct petiole; 	-	to 15 x 7 cm	-	ovate to elliptical	elliptical,ovate	-	-	to 1 cm long	venation more or less palmate. 	palmate	-	Monoecious, male flowers rare. 	-	-	
Phoradendron bathyoryctum 	-	-	-	-	-	-	-	-	-	-	-	-	-	-	-	-	-	-	-	-	Fruit |, 	-	-	-	-	-	-	ca. 0.3 x 0.25 cm	perianth segments closed.	-	ellipsoid	ellipsoid	-	-	-	-	-	-	-	-	-	-	-	-	-	-	-	-	-	-	-	-	-	-	-	-	-	-	-	-	-	-	-	-	-	-	-	-	-	-	-	-	-	-	-	-	-	-	-	-	-	-	-	-	-	-	-	-	-	-	-	-	Petiole |, 	-	-	apex more or less acute, 	acute	base cuneately tapering to indistinct petiole. 	cuneate	to 10 x 2.5 cm	-	lanceolate	lanceolate	-	-	0.5-1 cm long	-	-	-	-	-	-	
Phoradendron bilineatum 	-	-	-	-	-	-	-	-	-	-	-	-	-	-	-	-	-	-	-	-	Fruit ovoid to spherical, |, 	ovoid,spherical	-	-	-	-	-	-	perianth segments closed.	-	-	-	Yellowish |, acute, sometimes with a second pair. 	-	acute	-	-	1 pair	-	-	green	-	green	-	-	-	-	-	-	-	stems terete to slightly keeled; 	terete	-	Inflorescence |, mostly with simple peduncle |, 	-	-	-	-	-	-	-	-	-	-	3-5	-	to 1 cm long	-	-	-	-	-	-	-	-	-	-	-	-	-	-	-	-	-	-	-	-	-	-	-	-	-	Petiole |, indistinct, stout; |, 	-	-	apex acute; 	acute	-	-	to 15 x 9 cm	-	broadly lanceolate	lanceolate	-	-	0.5 cm long	-	-	-	Monoecious, sex distribution variable. 	-	-	
Phoradendron chrysocladon 	-	-	-	-	-	-	-	-	-	-	-	-	-	-	-	-	-	-	-	-	Fruit |, 	-	-	-	yellowish or pale orange to white, often reddish-brown	-	brown,orange,reddish,white	about 0.4 x 0.3 cm	perianth segments small, 	small	-	-	     	-	-	-	-	-	-	-	-	-	-	-	-	-	-	-	-	-	-	-	-	-	-	-	-	-	-	-	-	-	-	-	-	-	-	-	-	-	-	-	-	-	-	-	-	-	-	-	-	-	-	-	-	-	-	-	-	-	-	-	     	-	-	-	-	-	-	to 17 x 10 cm	-	broadly lanceolate	lanceolate	leathery	leathery	-	3-7 prominent palmate veins. 	palmate	-	Monoecious. 	low elevations	-	
Phoradendron crassifolium 	-	-	-	-	-	-	-	-	-	-	-	-	-	-	-	-	-	-	-	-	Fruit spherical, |, 	spherical	-	-	-	-	-	0.2 x 0.2 cm	perianth segments closed.	-	-	-	     	-	-	-	-	1 pair	0.3-0.5 cm above base	-	-	-	-	-	-	-	internodes strongly compressed, 	-	-	to 8 cm long	-	-	-	-	-	-	-	-	-	-	-	-	-	-	-	-	-	-	-	-	-	-	-	-	-	-	narrowly obovate to slightly spatulate	narrow,obovate,spatulate	-	-	-	-	-	-	-	-	-	-	-	-	-	-	-	-	-	-	-	-	-	-	-	-	-	-	-	-	-	-	-	Dioecious. 	-	-	
Phoradendron dipterum 	-	-	-	-	-	-	-	-	-	-	-	-	-	-	-	-	-	-	-	-	Fruit |, 	-	-	-	white	-	white	0.25-0.3 x 0.15-0.2 cm	perianth segments closed.	-	ovoid	ovoid	-	-	-	-	-	-	-	-	-	-	-	-	-	-	-	-	-	-	-	-	-	-	-	-	-	-	-	-	-	-	-	-	-	-	-	-	-	-	-	-	-	-	-	-	-	-	-	-	-	-	-	-	-	-	-	-	-	-	-	-	Petiole |, strongly winged; |, 	winged	-	apex acute or nearly so, 	acute	base long-tapering into very indistinct petiole; 	-	to 6.5 x 3 cm	-	lanceolate	lanceolate	very thin	thin	ca. 0.3 cm long	venation pinnate but lowest lateral veins strong. 	-	lateral	Dioecious. 	-	-	
Phoradendron granvillei 	-	-	-	-	-	-	-	-	-	-	-	-	-	-	-	-	-	-	-	-	Fruit |, globose to obovoid, |, 	globose,obovoid	-	-	white	-	white	0.3 x 0.3 cm	perianth segments closed.	-	-	-	     	-	-	-	-	mostly 1 pair	0.3-0.4 cm above base	-	-	-	-	-	-	-	internodes keeled to slightly quadrangular, becoming terete, 	quadrangular,terete	-	to 10 cm long	-	-	-	Inflorescence |, some inflorescences apparently entirely female, most mixed, with male flowers below female ones; |, simple or double, 	-	-	-	entire	-	-	-	-	-	-	3-5	6-10	3-6.5 cm long	peduncle 	-	-	0.3-0.5 cm	-	-	-	-	-	-	-	-	-	-	-	-	-	-	-	-	-	-	-	-	-	Petiole |, 	-	-	apex rounded, 	rounded	base tapering to abruptly contracted; 	-	7-15(18) x 3-5(7) cm	-	broadly ovate to obovate	ovate	-	-	1-1.5 cm long	venation pinnate, midrib often strikingly light in color. 	-	-	Monoecious. 	-	-	
Phoradendron hexastichum 	-	-	-	-	-	-	-	-	-	-	-	-	-	-	-	-	-	-	-	-	Fruit somewhat |, nearly |, 	-	-	-	reddish or orange	-	orange,reddish	0.4 x 0.6 cm	perianth segments 	-	ovoid	ovoid	     	-	-	-	-	-	-	-	-	-	-	-	-	-	-	-	-	-	stems mostly dichotomous through 	-	-	Inflorescence |, terminal inflorescence apparently without; 	-	-	terminal	-	-	-	-	-	-	-	4 or 5	1-3	to 3 cm long	-	-	-	-	-	-	-	-	-	-	-	-	-	-	-	-	-	-	-	-	-	-	-	-	-	Petiole stout, 	-	-	-	-	-	-	to 9 x 6 cm	-	elliptical	elliptical	-	-	to 1 cm long	venation sometimes obscure, palmate. 	palmate	-	Monoecious. 	-	-	
Phoradendron inaequidentatum 	-	-	-	-	-	-	-	-	-	-	-	-	-	-	-	-	-	-	-	-	Fruit (immature) with closed perianth segments.	-	-	-	-	-	-	-	-	-	-	-	Plants |, bronze colored at least when fresh; |, these sometimes fertile, or |, terete; 	-	terete	-	colored	1-4 pairs	-	-	-	-	-	-	-	-	-	-	-	-	stem segments between foliar nodes 	 nodes	-	Inflorescence slender,	slender	-	-	-	-	-	-	-	-	-	-	3-5	1.5-2 cm long	peduncle short, simple or unequally double,       	short	-	-	-	-	-	-	-	ovate	ovate	-	-	-	-	-	-	-	-	-	-	-	-	-	-	-	-	-	-	-	-	-	-	-	-	-	-	-	-	-	-	-	Monoecious. 	-	-	
Phoradendron krameri 	-	-	-	-	-	-	-	-	-	-	-	-	-	-	-	-	-	-	-	-	-	-	-	-	-	-	-	-	-	-	-	-	Large plants of |, upper pair 	-	-	-	-	2-4 pairs	to 3 cm above base	-	yellowish	-	-	-	-	-	internodes terete, 	terete	-	to 6 cm long	-	-	-	Inflorescence 	-	-	-	-	-	-	-	-	-	-	-	3-5(7)	to 4.5 cm long	peduncle simple or double,       	-	-	-	-	-	-	-	-	-	-	-	-	-	-	-	-	-	-	-	-	-	-	-	-	Petiole |, 	-	-	apex rounded to nearly acute, 	acute,rounded	base tapering into indistinct petiole; 	-	to 14 x 3 cm	-	narrowly oblong	narrow,oblong	coriaceous	coriaceous	0.4 cm long	3-5 palmate veins. 	palmate	-	-	-	-	
Phoradendron mairaryense 	-	-	-	-	-	-	-	-	-	-	-	-	-	-	-	-	-	-	-	-	Fruit |, 	-	-	-	bright orange or brownish orange	-	brown,orange	0.5 x 0.3 cm	perianth segments closed.	-	-	-	-	-	-	-	-	1 or 2 pairs	as low as 0.4 cm when only 1 pair, second pair to 1 cm above axil	-	Orange-yellow to yellowish brown	-	brown	-	-	-	internodes terete, 	terete	-	to 9 cm long	-	-	-	Inflorescence |, 	-	-	-	-	-	-	-	-	-	-	-	5-9	to 4.5 cm long	peduncle usually simple (both interminal and lateral inflorescences), rarely with 	-	lateral,terminal	5-7 cm long	-	-	-	-	-	lanceolate-ovate	lanceolate,ovate	-	-	-	-	-	-	-	-	-	-	-	-	-	-	-	-	-	-	-	-	-	-	-	-	-	-	-	-	-	-	-	Monoecious?	-	-	
Phoradendron morsicatum 	-	-	-	-	-	-	-	-	-	-	-	-	-	-	-	-	-	-	-	-	Fruit ovoid, |, with smooth or warty upper surface, 	ovoid	smooth	-	-	-	-	0.4 x 0.3 cm	perianth segments 	-	-	-	     	-	-	-	-	1 pair	ca. 0.2 cm above axil	-	-	-	-	-	-	-	-	-	-	-	-	-	-	Inflorescence solitary or clustered at older nodes, |, 	 nodes	-	-	-	-	-	-	-	-	-	-	3	ca. 2 cm at anthesis, elongation to 4.5 cm or less	peduncle simple, 	-	-	0.1-0.2 cm long	-	-	-	-	-	-	-	-	-	-	-	-	-	-	-	-	-	-	-	-	-	Petiole |, with rounded to mucronate or emarginate apex, 	rounded	-	-	-	base acute, tapering into indistinct petiole; 	acute	to 3 x 1.5 cm	-	mostly elliptical to obovate	elliptical,obovate	-	-	0.2-0.3 cm long	venation of 3 conspicuous palmate veins. 	palmate	-	Monoecious. 	-	-	
Phoradendron mucronatum 	-	-	-	-	-	-	-	-	-	-	-	-	-	-	-	-	-	-	-	-	Fruit 	-	-	-	white	-	white	-	-	-	-	-	Dichotomous, |, somewhat tubular, |, inconspicuous. 	-	tubular	-	-	1 pair	0.2-0.3 cm above base	-	-	-	-	-	-	-	internodes terete but somewhat keeled below young nodes, 	 nodes,terete	-	to 7 cm long	-	-	-	Inflorescence slender, 	slender	-	-	-	-	-	-	-	-	-	mostly 2 or 3	5-9	to nearly 2 cm	peduncle 	-	-	0.3-0.5 cm	-	-	-	-	-	-	-	-	-	-	-	-	-	-	-	-	-	-	-	-	-	Petiole |, 	-	-	apex rounded to notched, 	rounded	base contracted to indistinct; 	-	to 6 x 3.5 cm	-	obovate	obovate	-	-	ca. 0.3 cm long	venation pinnate but obscure. 	-	-	Monoecious. 	-	-	
Phoradendron northropiae 	-	-	-	-	-	-	-	-	-	-	-	-	-	-	-	-	-	-	-	-	Fruit |, 	-	-	-	translucent white	-	white	0.6-0.7 x 0.35 cm	perianth segments large, flaring.	large	-	-	     	-	-	-	-	1 pair	0.1-0.3 cm above base	-	-	-	-	-	-	-	internodes compressed/keeled above, terete below, 	terete	-	3-8 cm long	-	-	-	     	-	-	-	-	-	-	-	-	-	-	2 or 3	4-9	-	-	-	-	-	-	-	-	-	-	-	-	-	-	-	-	-	-	-	-	-	-	-	-	-	-	Petiole |, rather slender; |, 	slender	-	apex rounded, 	rounded	base cuneate, tapering into indistinct petiole; 	cuneate	to 8 x 3 cm	-	obovate or oblong	oblong,obovate	-	-	ca. 0.5 cm long	venation often with 	-	-	Monoecious. 	-	-	
Phoradendron obtusissimum 	-	-	-	-	-	-	-	-	-	-	-	-	-	-	-	-	-	-	-	-	Fruit globose, |, 	globose	-	-	-	-	-	-	perianth segments closed.	-	-	-	     	-	-	-	-	-	-	-	-	-	-	-	-	-	leaf-bearing internodes 	-	-	2-5 cm long	-	-	-	Inflorescence peduncle mostly simple but sometimes with 	-	-	-	-	-	-	-	-	-	-	2 or 3	-	0.1-0.3 cm long	-	-	-	-	-	-	-	-	-	narrowly elliptical	elliptical,narrow	-	-	-	-	-	-	-	-	-	-	-	-	-	-	-	-	-	-	-	-	-	-	-	-	-	-	-	-	-	-	-	Dioecious; occasional bisexual plant and possibly some unisexual inflorescences.	-	-	
Phoradendron pellucidulum 	-	-	-	-	-	-	-	-	-	-	-	-	-	-	-	-	-	-	-	-	Fruit |, spherical, |, 	spherical	-	-	translucent white	-	white	0.4 x 0.3 cm	perianth segments closed.	-	-	-	     	-	-	-	-	1 or 2(3) pairs	lowest at about 0.6 cm, highest to 2 cm above base	-	-	-	-	-	-	-	internodes terete or slightly keeled above. 	terete	-	to 9 cm long	-	-	-	Inflorescence often long and sinuous, |, very low; 	-	-	-	-	-	-	-	-	-	-	-	-	8 cm long or longer	-	-	-	-	-	-	-	-	-	-	-	-	-	-	-	-	-	-	-	-	-	-	-	-	-	Petiole |, 	-	-	apex rounded, 	rounded	base cuneately tapering into indistinct petiole; 	cuneate	to 15 x 4 cm	-	elliptical	elliptical	-	-	0.5 cm long	venation pinnate, but basal lateral veins often very strong. 	-	lateral	Monoecious. 	-	-	
Phoradendron perrottetii 	-	-	-	-	-	-	-	-	-	-	-	-	-	-	-	-	-	-	-	-	Fruit |, 	-	-	-	yellow or yellowish-red	-	red	-	perianth segments 	-	spherical to elliptical	elliptical,spherical	-	-	-	-	-	-	-	-	-	-	-	-	-	-	-	-	-	-	-	-	-	Inflorescence |, sometimes on same spike, when 	-	-	-	-	-	-	-	-	-	-	5-8	-	up to 8 cm long	-	-	-	-	-	-	-	-	-	-	-	-	-	-	-	-	-	-	-	-	-	-	-	-	-	Petiole |, often with slightly attenuate apex and undulate margin, 	attenuate	undulate	-	-	base acute. 	acute	up to 14 x 7 cm	-	lanceolate	lanceolate	-	-	0.4-0.8 cm long	-	-	-	     	lower elevations	-	
Phoradendron piperoides 	-	-	-	-	-	-	-	-	-	-	-	-	-	-	-	-	-	-	-	-	Fruit |, smooth, 	-	smooth	-	orange	-	orange	0.6 x 0.5 cm	perianth segments 	-	ovoid	ovoid	     	-	-	-	-	-	-	-	-	-	-	-	-	-	all long internodes, whether in 	-	-	-	-	-	-	Inflorescence |, doubling in length when fruiting, with 	-	-	-	-	-	-	-	-	-	-	-	3	1 cm long	-	-	-	-	mostly lateral	-	lateral	-	-	-	-	-	-	-	-	-	-	-	-	-	-	-	-	-	-	-	-	-	-	-	-	-	-	-	-	-	-	-	-	-	-	-	Monoecious. 	-	-	
Phoradendron poeppigii 	-	-	-	-	-	-	-	-	-	-	-	-	-	-	-	-	-	-	-	-	Fruit ovoid, |, smooth, 	ovoid	smooth	-	-	-	-	0.4 x 0.25 cm	perianth segments closed.	-	-	-	-	-	-	-	-	-	-	-	-	-	-	-	-	-	-	-	-	-	-	-	-	Inflorescence |, with |, crowded; 	-	-	-	-	-	-	-	-	-	-	3-6	(3)5(7)	to 5 cm long	-	-	-	-	-	-	-	-	-	-	-	-	-	-	-	-	-	-	-	-	-	-	-	-	-	Petiole |, 	-	-	apex rounded, 	rounded	base abruptly tapered into petiole. 	-	to 9(-12) x 6 cm	-	(ob)ovate to elliptic	(ob)ovate,elliptic	-	-	ca. 1 cm long	-	-	-	Monoecious? (spikes of all 3 specimens identical). 	-	-	
Phoradendron pteroneuron 	-	-	-	-	-	-	-	-	-	-	-	-	-	-	-	-	-	-	-	-	-	-	-	-	-	-	-	-	-	-	-	-	     	-	-	-	-	1(2) pair	1-1.5 cm above axil	-	-	-	-	-	-	-	internodes terete below, expanding just below massive node, 	terete	-	to 7 cm long	-	-	-	-	-	-	-	-	-	-	-	-	-	-	-	-	-	-	-	-	-	-	-	-	-	-	-	-	-	-	-	-	-	-	-	-	-	-	-	-	-	-	Petiole |, 	-	-	apex rounded, 	rounded	base cuneately tapering into indistinct petiole; 	cuneate	to 9 x 3 cm	-	narrowly obovate to spathulate	narrow,obovate,spathulate	coriaceous	coriaceous	ca. 0.5 cm long	-	-	-	Dioecious? Inflorescence |, with 	-	-	
Phoradendron pulleanum 	-	-	-	-	-	-	-	-	-	-	-	-	-	-	-	-	-	-	-	-	Fruit |, 	-	-	-	yellow or slightly orange (not red)	-	orange,red	-	perianth segments closed.	-	spherical	spherical	Plants often rather small, glabrous, |, inconspicuous. 	-	small	glabrous	-	-	-	-	-	-	-	-	-	-	internodes sharply quadrangular at least when young; 	quadrangular	-	-	-	-	-	Inflorescence 	-	-	-	-	-	-	-	-	-	-	3-6	mostly to 9	to 2.5 cm or more	-	-	-	-	-	-	-	-	-	-	-	-	-	-	-	-	-	-	-	-	-	-	-	-	-	     	-	-	apex rounded, 	rounded	base cuneate. 	cuneate	2-5 cm	-	obovate to lanceolate-spatulate	lanceolate,obovate,spatulate	-	-	-	-	-	-	Monoecious. 	-	-	
Phoradendron quadrangulare 	-	-	-	-	-	-	-	-	-	-	-	-	-	-	-	-	-	-	-	-	Fruit |, 	-	-	-	-	-	-	0.25 x 0.15 cm	perianth segments small, closed.	small	oblong	oblong	Rather large plants often drying |, dichotomous by abortion; |, where stem tends to be terete; 	-	large,terete	-	-	-	-	-	blackish	-	black	-	-	-	internodes quadrangular above, rather long (often 	quadrangular	-	10-12 cm or more	-	-	-	Inflorescences first paired, later clustered at nodes, |, 	 nodes	-	-	-	-	-	-	-	-	-	3	-	mostly to 3 cm long	rest of peduncle 	-	-	ca. 0.3 cm long	-	-	-	-	-	-	-	-	-	-	-	-	-	-	-	-	-	-	-	-	-	Petiole |, 	-	-	apex blunt to acute, 	acute	base abruptly tapering into petiole. 	-	mostly to 12 x 8 cm	-	elliptical to ovate or broadly lanceolate	elliptical,lanceolate,ovate	-	-	0.5-1 cm long	-	-	-	Monoecious. 	-	-	
Phoradendron racemosum 	-	-	-	-	-	-	-	-	-	-	-	-	-	-	-	-	-	-	-	-	Fruit |, 	-	-	-	yellow-orange to red	-	orange,red	0.4 x 0.3 cm	perianth segments 	-	ovoid	ovoid	-	-	-	-	-	-	-	-	-	-	-	-	-	-	-	-	-	-	-	-	-	Inflorescences |, 	-	-	-	-	-	-	-	-	-	-	-	-	about 1.5 cm long	-	-	-	-	paired or clustered at nodes but also terminal	 nodes	terminal	-	-	-	-	-	-	-	-	-	-	-	-	-	-	-	-	-	-	Petiole |, 	-	-	apex attenuate, 	attenuate	base contracted to petiole. 	-	to 4 x 1 cm	-	narrowly ovate	narrow,ovate	rather leathery	leathery	0.2 cm long	-	-	-	Monoecious. 	-	-	
Phoradendron strongyloclados 	-	-	-	-	-	-	-	-	-	-	-	-	-	-	-	-	-	-	-	-	Fruit |, relatively large, |, with rather narrow tip when dry, 	large,narrow	-	-	dull orange	-	orange	0.5 x 0.3 cm	perianth segments 	-	ovoid	ovoid	     	-	-	-	-	-	-	-	-	-	-	-	-	-	internodes at first somewhat flattened to quadangular, 	angular,flattened	-	to 6 cm long	-	-	-	Inflorescence |, or |, with 	-	-	-	-	-	-	-	-	-	-	2 or 3	-	to 2.5 cm long	peduncle simple, 	-	-	0.1-0.4 cm long	-	-	-	-	-	-	-	-	-	-	-	-	-	-	-	-	-	-	-	-	-	     	-	-	-	-	base cuneate; 	cuneate	to 5 x 2 cm	-	spatulate to elliptical	elliptical,spatulate	rather thick	thick	-	usually 3 prominent palmate veins of about same length. 	palmate	-	-	-	-	
Phoradendron trinervium 	-	-	-	-	-	-	-	-	-	-	-	-	-	-	-	-	-	-	-	-	Fruit |, 	-	-	-	white	-	white	0.3 x 0.2 cm	perianth segments closed.	-	ovoid	ovoid	     	-	-	-	-	1-4 pairs	2-5 cm above axil	-	-	-	-	-	-	-	internodes keeled and compressed especially below node, sometimes 	-	-	to 10-12 cm long	-	-	-	Inflorescence |, each with 	-	-	-	-	-	-	-	-	-	-	-	5-7	-	-	-	-	-	axillary and at older nodes	 nodes	axillary	-	-	-	-	-	-	-	-	-	-	-	-	-	-	-	-	-	-	Petiole |, commonly half this size, 	-	-	apex acute; 	acute	-	-	to 17 x 7 cm	-	lanceolate to narrowly ovate	lanceolate,narrow,ovate	-	-	ca. 1 cm long	venation obscure but pinnate. 	-	-	Monoecious. 	-	-	
Phoradendron undulatum 	-	-	-	-	-	-	-	-	-	-	-	-	-	-	-	-	-	-	-	-	-	-	-	-	-	-	-	-	-	-	-	-	-	-	-	-	-	-	-	-	-	-	-	-	-	-	-	-	-	-	-	-	-	-	-	-	-	-	-	-	-	-	-	-	-	-	-	-	-	-	-	-	-	-	-	-	-	-	-	-	-	-	-	-	-	-	-	-	-	-	-	-	-	-	-	-	-	-	-	-	-	-	-	-	-	-	-	-	-	-	-	-	
